Well,GFP,Strain,Plant,Leaf,Date,Unique_plant_ID
A1,577436,WT,1,Top,2022_05_30,Plant_1_2022_05_30
A2,596205,WT,1,Top,2022_05_30,Plant_1_2022_05_30
A3,446297,WT,1,Top,2022_05_30,Plant_1_2022_05_30
A4,516985,WT,1,Top,2022_05_30,Plant_1_2022_05_30
A5,313663,WT,1,Bottom,2022_05_30,Plant_1_2022_05_30
A6,341408,WT,1,Bottom,2022_05_30,Plant_1_2022_05_30
A7,405527,WT,1,Bottom,2022_05_30,Plant_1_2022_05_30
A8,304304,WT,1,Bottom,2022_05_30,Plant_1_2022_05_30
A9,219128,WT,2,Top,2022_05_30,Plant_2_2022_05_30
A10,296402,WT,2,Top,2022_05_30,Plant_2_2022_05_30
A11,314114,WT,2,Top,2022_05_30,Plant_2_2022_05_30
A12,275208,WT,2,Top,2022_05_30,Plant_2_2022_05_30
B1,194209,WT,2,Bottom,2022_05_30,Plant_2_2022_05_30
B2,317213,WT,2,Bottom,2022_05_30,Plant_2_2022_05_30
B3,303460,WT,2,Bottom,2022_05_30,Plant_2_2022_05_30
B4,331432,WT,2,Bottom,2022_05_30,Plant_2_2022_05_30
B5,621106,WT,3,Top,2022_05_30,Plant_3_2022_05_30
B6,535491,WT,3,Top,2022_05_30,Plant_3_2022_05_30
B7,689828,WT,3,Top,2022_05_30,Plant_3_2022_05_30
B8,563642,WT,3,Top,2022_05_30,Plant_3_2022_05_30
B9,265515,WT,3,Bottom,2022_05_30,Plant_3_2022_05_30
B10,200112,WT,3,Bottom,2022_05_30,Plant_3_2022_05_30
B11,302840,WT,3,Bottom,2022_05_30,Plant_3_2022_05_30
B12,294253,WT,3,Bottom,2022_05_30,Plant_3_2022_05_30
C1,276477,WT,4,Top,2022_05_30,Plant_4_2022_05_30
C2,328927,WT,4,Top,2022_05_30,Plant_4_2022_05_30
C3,369825,WT,4,Top,2022_05_30,Plant_4_2022_05_30
C4,237105,WT,4,Top,2022_05_30,Plant_4_2022_05_30
C5,103009,WT,4,Bottom,2022_05_30,Plant_4_2022_05_30
C6,143617,WT,4,Bottom,2022_05_30,Plant_4_2022_05_30
C7,327748,WT,4,Bottom,2022_05_30,Plant_4_2022_05_30
C8,213676,WT,4,Bottom,2022_05_30,Plant_4_2022_05_30
C9,459717,WT,5,Top,2022_05_30,Plant_5_2022_05_30
C10,431668,WT,5,Top,2022_05_30,Plant_5_2022_05_30
C11,338922,WT,5,Top,2022_05_30,Plant_5_2022_05_30
C12,344606,WT,5,Top,2022_05_30,Plant_5_2022_05_30
D1,319466,WT,5,Bottom,2022_05_30,Plant_5_2022_05_30
D2,459202,WT,5,Bottom,2022_05_30,Plant_5_2022_05_30
D3,396293,WT,5,Bottom,2022_05_30,Plant_5_2022_05_30
D4,516086,WT,5,Bottom,2022_05_30,Plant_5_2022_05_30
D5,640362,WT,6,Top,2022_05_30,Plant_6_2022_05_30
D6,753287,WT,6,Top,2022_05_30,Plant_6_2022_05_30
D7,546045,WT,6,Top,2022_05_30,Plant_6_2022_05_30
D8,557913,WT,6,Top,2022_05_30,Plant_6_2022_05_30
D9,407279,WT,6,Bottom,2022_05_30,Plant_6_2022_05_30
D10,550843,WT,6,Bottom,2022_05_30,Plant_6_2022_05_30
D11,425436,WT,6,Bottom,2022_05_30,Plant_6_2022_05_30
D12,349461,WT,6,Bottom,2022_05_30,Plant_6_2022_05_30
E1,545718,WT,7,Top,2022_05_30,Plant_7_2022_05_30
E2,699713,WT,7,Top,2022_05_30,Plant_7_2022_05_30
E3,583924,WT,7,Top,2022_05_30,Plant_7_2022_05_30
E4,518827,WT,7,Top,2022_05_30,Plant_7_2022_05_30
E5,390448,WT,7,Bottom,2022_05_30,Plant_7_2022_05_30
E6,354982,WT,7,Bottom,2022_05_30,Plant_7_2022_05_30
E7,375244,WT,7,Bottom,2022_05_30,Plant_7_2022_05_30
E8,447308,WT,7,Bottom,2022_05_30,Plant_7_2022_05_30
E9,398152,WT,8,Top,2022_05_30,Plant_8_2022_05_30
E10,555381,WT,8,Top,2022_05_30,Plant_8_2022_05_30
E11,536163,WT,8,Top,2022_05_30,Plant_8_2022_05_30
E12,302551,WT,8,Top,2022_05_30,Plant_8_2022_05_30
F1,424947,WT,8,Bottom,2022_05_30,Plant_8_2022_05_30
F2,403985,WT,8,Bottom,2022_05_30,Plant_8_2022_05_30
F3,387932,WT,8,Bottom,2022_05_30,Plant_8_2022_05_30
F4,488453,WT,8,Bottom,2022_05_30,Plant_8_2022_05_30
A1,442081,WT,1,Top,2022_08_08,Plant_1_2022_08_08
A2,534247,WT,1,Top,2022_08_08,Plant_1_2022_08_08
A3,369060,WT,1,Top,2022_08_08,Plant_1_2022_08_08
A4,455186,WT,1,Top,2022_08_08,Plant_1_2022_08_08
A5,68986,WT,1,Bottom,2022_08_08,Plant_1_2022_08_08
A6,86914,WT,1,Bottom,2022_08_08,Plant_1_2022_08_08
A7,163302,WT,1,Bottom,2022_08_08,Plant_1_2022_08_08
A8,228049,WT,1,Bottom,2022_08_08,Plant_1_2022_08_08
A9,182469,WT,2,Top,2022_08_08,Plant_2_2022_08_08
A10,376875,WT,2,Top,2022_08_08,Plant_2_2022_08_08
A11,88236,WT,2,Top,2022_08_08,Plant_2_2022_08_08
A12,581379,WT,2,Top,2022_08_08,Plant_2_2022_08_08
B1,213395,WT,2,Bottom,2022_08_08,Plant_2_2022_08_08
B2,331123,WT,2,Bottom,2022_08_08,Plant_2_2022_08_08
B3,445593,WT,2,Bottom,2022_08_08,Plant_2_2022_08_08
B4,106610,WT,2,Bottom,2022_08_08,Plant_2_2022_08_08
B5,416380,WT,3,Top,2022_08_08,Plant_3_2022_08_08
B6,387344,WT,3,Top,2022_08_08,Plant_3_2022_08_08
B7,498554,WT,3,Top,2022_08_08,Plant_3_2022_08_08
B8,281822,WT,3,Top,2022_08_08,Plant_3_2022_08_08
B9,265281,WT,3,Bottom,2022_08_08,Plant_3_2022_08_08
B10,346763,WT,3,Bottom,2022_08_08,Plant_3_2022_08_08
B11,395493,WT,3,Bottom,2022_08_08,Plant_3_2022_08_08
B12,508631,WT,3,Bottom,2022_08_08,Plant_3_2022_08_08
C1,414963,WT,4,Top,2022_08_08,Plant_4_2022_08_08
C2,539342,WT,4,Top,2022_08_08,Plant_4_2022_08_08
C3,563657,WT,4,Top,2022_08_08,Plant_4_2022_08_08
C4,528137,WT,4,Top,2022_08_08,Plant_4_2022_08_08
C5,340181,WT,4,Bottom,2022_08_08,Plant_4_2022_08_08
C6,294997,WT,4,Bottom,2022_08_08,Plant_4_2022_08_08
C7,121332,WT,4,Bottom,2022_08_08,Plant_4_2022_08_08
C8,281007,WT,4,Bottom,2022_08_08,Plant_4_2022_08_08
C9,80538,WT,5,Top,2022_08_08,Plant_5_2022_08_08
C10,254319,WT,5,Top,2022_08_08,Plant_5_2022_08_08
C11,612151,WT,5,Top,2022_08_08,Plant_5_2022_08_08
C12,339715,WT,5,Top,2022_08_08,Plant_5_2022_08_08
D1,375677,WT,5,Bottom,2022_08_08,Plant_5_2022_08_08
D2,368534,WT,5,Bottom,2022_08_08,Plant_5_2022_08_08
D3,244926,WT,5,Bottom,2022_08_08,Plant_5_2022_08_08
D4,157530,WT,5,Bottom,2022_08_08,Plant_5_2022_08_08
D5,279825,WT,6,Top,2022_08_08,Plant_6_2022_08_08
D6,320838,WT,6,Top,2022_08_08,Plant_6_2022_08_08
D7,271829,WT,6,Top,2022_08_08,Plant_6_2022_08_08
D8,280878,WT,6,Top,2022_08_08,Plant_6_2022_08_08
D9,379625,WT,6,Bottom,2022_08_08,Plant_6_2022_08_08
D10,423557,WT,6,Bottom,2022_08_08,Plant_6_2022_08_08
D11,254351,WT,6,Bottom,2022_08_08,Plant_6_2022_08_08
D12,346098,WT,6,Bottom,2022_08_08,Plant_6_2022_08_08
E1,166379,WT,7,Top,2022_08_08,Plant_7_2022_08_08
E2,401787,WT,7,Top,2022_08_08,Plant_7_2022_08_08
E3,549537,WT,7,Top,2022_08_08,Plant_7_2022_08_08
E4,366669,WT,7,Top,2022_08_08,Plant_7_2022_08_08
E5,88122,WT,7,Bottom,2022_08_08,Plant_7_2022_08_08
E6,279649,WT,7,Bottom,2022_08_08,Plant_7_2022_08_08
E7,23264,WT,7,Bottom,2022_08_08,Plant_7_2022_08_08
E8,255828,WT,7,Bottom,2022_08_08,Plant_7_2022_08_08
E9,426722,WT,8,Top,2022_08_08,Plant_8_2022_08_08
E10,421724,WT,8,Top,2022_08_08,Plant_8_2022_08_08
E11,393934,WT,8,Top,2022_08_08,Plant_8_2022_08_08
E12,404106,WT,8,Top,2022_08_08,Plant_8_2022_08_08
F1,111827,WT,8,Bottom,2022_08_08,Plant_8_2022_08_08
F2,134764,WT,8,Bottom,2022_08_08,Plant_8_2022_08_08
F3,372791,WT,8,Bottom,2022_08_08,Plant_8_2022_08_08
F4,231875,WT,8,Bottom,2022_08_08,Plant_8_2022_08_08
A1,651387,WT,1,Top,2022_06_06,Plant_1_2022_06_06
A2,1121389,WT,1,Top,2022_06_06,Plant_1_2022_06_06
A3,688325,WT,1,Top,2022_06_06,Plant_1_2022_06_06
A4,673891,WT,1,Top,2022_06_06,Plant_1_2022_06_06
A5,294197,WT,1,Bottom,2022_06_06,Plant_1_2022_06_06
A6,412545,WT,1,Bottom,2022_06_06,Plant_1_2022_06_06
A7,414522,WT,1,Bottom,2022_06_06,Plant_1_2022_06_06
A8,475514,WT,1,Bottom,2022_06_06,Plant_1_2022_06_06
A9,517889,WT,2,Top,2022_06_06,Plant_2_2022_06_06
A10,381892,WT,2,Top,2022_06_06,Plant_2_2022_06_06
A11,565949,WT,2,Top,2022_06_06,Plant_2_2022_06_06
A12,579217,WT,2,Top,2022_06_06,Plant_2_2022_06_06
B1,208113,WT,2,Bottom,2022_06_06,Plant_2_2022_06_06
B2,138084,WT,2,Bottom,2022_06_06,Plant_2_2022_06_06
B3,295204,WT,2,Bottom,2022_06_06,Plant_2_2022_06_06
B4,181693,WT,2,Bottom,2022_06_06,Plant_2_2022_06_06
B5,553133,WT,3,Top,2022_06_06,Plant_3_2022_06_06
B6,479524,WT,3,Top,2022_06_06,Plant_3_2022_06_06
B7,478585,WT,3,Top,2022_06_06,Plant_3_2022_06_06
B8,456231,WT,3,Top,2022_06_06,Plant_3_2022_06_06
B9,388909,WT,3,Bottom,2022_06_06,Plant_3_2022_06_06
B10,345044,WT,3,Bottom,2022_06_06,Plant_3_2022_06_06
B11,312218,WT,3,Bottom,2022_06_06,Plant_3_2022_06_06
B12,330591,WT,3,Bottom,2022_06_06,Plant_3_2022_06_06
C1,488651,WT,4,Top,2022_06_06,Plant_4_2022_06_06
C2,485382,WT,4,Top,2022_06_06,Plant_4_2022_06_06
C3,448550,WT,4,Top,2022_06_06,Plant_4_2022_06_06
C4,458536,WT,4,Top,2022_06_06,Plant_4_2022_06_06
C5,106777,WT,4,Bottom,2022_06_06,Plant_4_2022_06_06
C6,197873,WT,4,Bottom,2022_06_06,Plant_4_2022_06_06
C7,334474,WT,4,Bottom,2022_06_06,Plant_4_2022_06_06
C8,244748,WT,4,Bottom,2022_06_06,Plant_4_2022_06_06
C9,334640,WT,5,Top,2022_06_06,Plant_5_2022_06_06
C10,393255,WT,5,Top,2022_06_06,Plant_5_2022_06_06
C11,377224,WT,5,Top,2022_06_06,Plant_5_2022_06_06
C12,342323,WT,5,Top,2022_06_06,Plant_5_2022_06_06
D1,65671,WT,5,Bottom,2022_06_06,Plant_5_2022_06_06
D2,166742,WT,5,Bottom,2022_06_06,Plant_5_2022_06_06
D3,158807,WT,5,Bottom,2022_06_06,Plant_5_2022_06_06
D4,86517,WT,5,Bottom,2022_06_06,Plant_5_2022_06_06
F5,799,Leaf,1,Top,2022_06_06,Plant_1_2022_06_06
F6,696,Leaf,1,Top,2022_06_06,Plant_1_2022_06_06
F7,700,Leaf,1,Top,2022_06_06,Plant_1_2022_06_06
F8,752,Leaf,1,Top,2022_06_06,Plant_1_2022_06_06
F9,702,Leaf,1,Bottom,2022_06_06,Plant_1_2022_06_06
F10,729,Leaf,1,Bottom,2022_06_06,Plant_1_2022_06_06
F11,680,Leaf,1,Bottom,2022_06_06,Plant_1_2022_06_06
F12,679,Leaf,1,Bottom,2022_06_06,Plant_1_2022_06_06
G1,628,Leaf,2,Top,2022_06_06,Plant_2_2022_06_06
G2,548,Leaf,2,Top,2022_06_06,Plant_2_2022_06_06
G3,574,Leaf,2,Top,2022_06_06,Plant_2_2022_06_06
G4,576,Leaf,2,Top,2022_06_06,Plant_2_2022_06_06
G5,579,Leaf,2,Bottom,2022_06_06,Plant_2_2022_06_06
G6,609,Leaf,2,Bottom,2022_06_06,Plant_2_2022_06_06
G7,626,Leaf,2,Bottom,2022_06_06,Plant_2_2022_06_06
G8,659,Leaf,2,Bottom,2022_06_06,Plant_2_2022_06_06
G9,671,Leaf,3,Top,2022_06_06,Plant_3_2022_06_06
G10,614,Leaf,3,Top,2022_06_06,Plant_3_2022_06_06
G11,641,Leaf,3,Top,2022_06_06,Plant_3_2022_06_06
G12,642,Leaf,3,Top,2022_06_06,Plant_3_2022_06_06
H1,610,Leaf,3,Bottom,2022_06_06,Plant_3_2022_06_06
H2,637,Leaf,3,Bottom,2022_06_06,Plant_3_2022_06_06
H3,628,Leaf,3,Bottom,2022_06_06,Plant_3_2022_06_06
H4,599,Leaf,3,Bottom,2022_06_06,Plant_3_2022_06_06
H5,554,Leaf,4,Top,2022_06_06,Plant_4_2022_06_06
H6,582,Leaf,4,Top,2022_06_06,Plant_4_2022_06_06
H7,559,Leaf,4,Top,2022_06_06,Plant_4_2022_06_06
H8,595,Leaf,4,Top,2022_06_06,Plant_4_2022_06_06
H9,897,Leaf,4,Bottom,2022_06_06,Plant_4_2022_06_06
H10,834,Leaf,4,Bottom,2022_06_06,Plant_4_2022_06_06
H11,814,Leaf,4,Bottom,2022_06_06,Plant_4_2022_06_06
H12,866,Leaf,4,Bottom,2022_06_06,Plant_4_2022_06_06
A1,376940,WT,1,Top,2022_06_13,Plant_1_2022_06_13
A2,268784,WT,1,Top,2022_06_13,Plant_1_2022_06_13
A3,400582,WT,1,Top,2022_06_13,Plant_1_2022_06_13
A4,307829,WT,1,Top,2022_06_13,Plant_1_2022_06_13
A5,570118,WT,1,Bottom,2022_06_13,Plant_1_2022_06_13
A6,415447,WT,1,Bottom,2022_06_13,Plant_1_2022_06_13
A7,468338,WT,1,Bottom,2022_06_13,Plant_1_2022_06_13
A8,421321,WT,1,Bottom,2022_06_13,Plant_1_2022_06_13
A9,448837,WT,2,Top,2022_06_13,Plant_2_2022_06_13
A10,449269,WT,2,Top,2022_06_13,Plant_2_2022_06_13
A11,467783,WT,2,Top,2022_06_13,Plant_2_2022_06_13
A12,487377,WT,2,Top,2022_06_13,Plant_2_2022_06_13
B1,182113,WT,2,Bottom,2022_06_13,Plant_2_2022_06_13
B2,288587,WT,2,Bottom,2022_06_13,Plant_2_2022_06_13
B3,197957,WT,2,Bottom,2022_06_13,Plant_2_2022_06_13
B4,131386,WT,2,Bottom,2022_06_13,Plant_2_2022_06_13
B5,489152,WT,3,Top,2022_06_13,Plant_3_2022_06_13
B6,453507,WT,3,Top,2022_06_13,Plant_3_2022_06_13
B7,491032,WT,3,Top,2022_06_13,Plant_3_2022_06_13
B8,281714,WT,3,Top,2022_06_13,Plant_3_2022_06_13
B9,512635,WT,3,Bottom,2022_06_13,Plant_3_2022_06_13
B10,508276,WT,3,Bottom,2022_06_13,Plant_3_2022_06_13
B11,607716,WT,3,Bottom,2022_06_13,Plant_3_2022_06_13
B12,637861,WT,3,Bottom,2022_06_13,Plant_3_2022_06_13
C1,474585,WT,4,Top,2022_06_13,Plant_4_2022_06_13
C2,649278,WT,4,Top,2022_06_13,Plant_4_2022_06_13
C3,532503,WT,4,Top,2022_06_13,Plant_4_2022_06_13
C4,697512,WT,4,Top,2022_06_13,Plant_4_2022_06_13
C5,560567,WT,4,Bottom,2022_06_13,Plant_4_2022_06_13
C6,492765,WT,4,Bottom,2022_06_13,Plant_4_2022_06_13
C7,450121,WT,4,Bottom,2022_06_13,Plant_4_2022_06_13
C8,547600,WT,4,Bottom,2022_06_13,Plant_4_2022_06_13
C9,441791,WT,5,Top,2022_06_13,Plant_5_2022_06_13
C10,435009,WT,5,Top,2022_06_13,Plant_5_2022_06_13
C11,401050,WT,5,Top,2022_06_13,Plant_5_2022_06_13
C12,530996,WT,5,Top,2022_06_13,Plant_5_2022_06_13
D1,450948,WT,5,Bottom,2022_06_13,Plant_5_2022_06_13
D2,573818,WT,5,Bottom,2022_06_13,Plant_5_2022_06_13
D3,483950,WT,5,Bottom,2022_06_13,Plant_5_2022_06_13
D4,406313,WT,5,Bottom,2022_06_13,Plant_5_2022_06_13
A1,253239,WT,1,Top,2022_09_19,Plant_1_2022_09_19
A2,198311,WT,1,Top,2022_09_19,Plant_1_2022_09_19
A3,235952,WT,1,Top,2022_09_19,Plant_1_2022_09_19
A4,208438,WT,1,Top,2022_09_19,Plant_1_2022_09_19
A5,370471,WT,1,Bottom,2022_09_19,Plant_1_2022_09_19
A6,437002,WT,1,Bottom,2022_09_19,Plant_1_2022_09_19
A7,324598,WT,1,Bottom,2022_09_19,Plant_1_2022_09_19
A8,377169,WT,1,Bottom,2022_09_19,Plant_1_2022_09_19
A9,580718,WT,2,Top,2022_09_19,Plant_2_2022_09_19
A10,358777,WT,2,Top,2022_09_19,Plant_2_2022_09_19
A11,472118,WT,2,Top,2022_09_19,Plant_2_2022_09_19
A12,584526,WT,2,Top,2022_09_19,Plant_2_2022_09_19
B1,332714,WT,2,Bottom,2022_09_19,Plant_2_2022_09_19
B2,285960,WT,2,Bottom,2022_09_19,Plant_2_2022_09_19
B3,332386,WT,2,Bottom,2022_09_19,Plant_2_2022_09_19
B4,111274,WT,2,Bottom,2022_09_19,Plant_2_2022_09_19
B5,379227,WT,3,Top,2022_09_19,Plant_3_2022_09_19
B6,399128,WT,3,Top,2022_09_19,Plant_3_2022_09_19
B7,407850,WT,3,Top,2022_09_19,Plant_3_2022_09_19
B8,446695,WT,3,Top,2022_09_19,Plant_3_2022_09_19
B9,181948,WT,3,Bottom,2022_09_19,Plant_3_2022_09_19
B10,179427,WT,3,Bottom,2022_09_19,Plant_3_2022_09_19
B11,224034,WT,3,Bottom,2022_09_19,Plant_3_2022_09_19
B12,394933,WT,3,Bottom,2022_09_19,Plant_3_2022_09_19
C1,362440,WT,4,Top,2022_09_19,Plant_4_2022_09_19
C2,283894,WT,4,Top,2022_09_19,Plant_4_2022_09_19
C3,376399,WT,4,Top,2022_09_19,Plant_4_2022_09_19
C4,280052,WT,4,Top,2022_09_19,Plant_4_2022_09_19
C5,296212,WT,4,Bottom,2022_09_19,Plant_4_2022_09_19
C6,252469,WT,4,Bottom,2022_09_19,Plant_4_2022_09_19
C7,266459,WT,4,Bottom,2022_09_19,Plant_4_2022_09_19
C8,187028,WT,4,Bottom,2022_09_19,Plant_4_2022_09_19
C9,316905,WT,5,Top,2022_09_19,Plant_5_2022_09_19
C10,343832,WT,5,Top,2022_09_19,Plant_5_2022_09_19
C11,425072,WT,5,Top,2022_09_19,Plant_5_2022_09_19
C12,352938,WT,5,Top,2022_09_19,Plant_5_2022_09_19
D1,297452,WT,5,Bottom,2022_09_19,Plant_5_2022_09_19
D2,275260,WT,5,Bottom,2022_09_19,Plant_5_2022_09_19
D3,358022,WT,5,Bottom,2022_09_19,Plant_5_2022_09_19
D4,293154,WT,5,Bottom,2022_09_19,Plant_5_2022_09_19
D5,403938,WT,6,Top,2022_09_19,Plant_6_2022_09_19
D6,573762,WT,6,Top,2022_09_19,Plant_6_2022_09_19
D7,406611,WT,6,Top,2022_09_19,Plant_6_2022_09_19
D8,484533,WT,6,Top,2022_09_19,Plant_6_2022_09_19
D9,391378,WT,6,Bottom,2022_09_19,Plant_6_2022_09_19
D10,181187,WT,6,Bottom,2022_09_19,Plant_6_2022_09_19
D11,222899,WT,6,Bottom,2022_09_19,Plant_6_2022_09_19
D12,316740,WT,6,Bottom,2022_09_19,Plant_6_2022_09_19
E1,368690,WT,7,Top,2022_09_19,Plant_7_2022_09_19
E2,396103,WT,7,Top,2022_09_19,Plant_7_2022_09_19
E3,359470,WT,7,Top,2022_09_19,Plant_7_2022_09_19
E4,359939,WT,7,Top,2022_09_19,Plant_7_2022_09_19
E5,253808,WT,7,Bottom,2022_09_19,Plant_7_2022_09_19
E6,291273,WT,7,Bottom,2022_09_19,Plant_7_2022_09_19
E7,256662,WT,7,Bottom,2022_09_19,Plant_7_2022_09_19
E8,254544,WT,7,Bottom,2022_09_19,Plant_7_2022_09_19
E9,251110,WT,8,Top,2022_09_19,Plant_8_2022_09_19
E10,604772,WT,8,Top,2022_09_19,Plant_8_2022_09_19
E11,302920,WT,8,Top,2022_09_19,Plant_8_2022_09_19
E12,384613,WT,8,Top,2022_09_19,Plant_8_2022_09_19
F1,286078,WT,8,Bottom,2022_09_19,Plant_8_2022_09_19
F2,341175,WT,8,Bottom,2022_09_19,Plant_8_2022_09_19
F3,356939,WT,8,Bottom,2022_09_19,Plant_8_2022_09_19
F4,259708,WT,8,Bottom,2022_09_19,Plant_8_2022_09_19
A1,590484,WT,1,Top,2022_09_05,Plant_1_2022_09_05
A2,507461,WT,1,Top,2022_09_05,Plant_1_2022_09_05
A3,632063,WT,1,Top,2022_09_05,Plant_1_2022_09_05
A4,412717,WT,1,Top,2022_09_05,Plant_1_2022_09_05
A5,237246,WT,1,Bottom,2022_09_05,Plant_1_2022_09_05
A6,251805,WT,1,Bottom,2022_09_05,Plant_1_2022_09_05
A7,281050,WT,1,Bottom,2022_09_05,Plant_1_2022_09_05
A8,374315,WT,1,Bottom,2022_09_05,Plant_1_2022_09_05
A9,479970,WT,2,Top,2022_09_05,Plant_2_2022_09_05
A10,392237,WT,2,Top,2022_09_05,Plant_2_2022_09_05
A11,402552,WT,2,Top,2022_09_05,Plant_2_2022_09_05
A12,364444,WT,2,Top,2022_09_05,Plant_2_2022_09_05
B1,293063,WT,2,Bottom,2022_09_05,Plant_2_2022_09_05
B2,315931,WT,2,Bottom,2022_09_05,Plant_2_2022_09_05
B3,293703,WT,2,Bottom,2022_09_05,Plant_2_2022_09_05
B4,311598,WT,2,Bottom,2022_09_05,Plant_2_2022_09_05
B5,477752,WT,3,Top,2022_09_05,Plant_3_2022_09_05
B6,490899,WT,3,Top,2022_09_05,Plant_3_2022_09_05
B7,364688,WT,3,Top,2022_09_05,Plant_3_2022_09_05
B8,333995,WT,3,Top,2022_09_05,Plant_3_2022_09_05
B9,291140,WT,3,Bottom,2022_09_05,Plant_3_2022_09_05
B10,257067,WT,3,Bottom,2022_09_05,Plant_3_2022_09_05
B11,298535,WT,3,Bottom,2022_09_05,Plant_3_2022_09_05
B12,349102,WT,3,Bottom,2022_09_05,Plant_3_2022_09_05
C1,345898,WT,4,Top,2022_09_05,Plant_4_2022_09_05
C2,448795,WT,4,Top,2022_09_05,Plant_4_2022_09_05
C3,328313,WT,4,Top,2022_09_05,Plant_4_2022_09_05
C4,394519,WT,4,Top,2022_09_05,Plant_4_2022_09_05
C5,460857,WT,4,Bottom,2022_09_05,Plant_4_2022_09_05
C6,251792,WT,4,Bottom,2022_09_05,Plant_4_2022_09_05
C7,230549,WT,4,Bottom,2022_09_05,Plant_4_2022_09_05
C8,329776,WT,4,Bottom,2022_09_05,Plant_4_2022_09_05
C9,327251,WT,5,Top,2022_09_05,Plant_5_2022_09_05
C10,268113,WT,5,Top,2022_09_05,Plant_5_2022_09_05
C11,342735,WT,5,Top,2022_09_05,Plant_5_2022_09_05
C12,422058,WT,5,Top,2022_09_05,Plant_5_2022_09_05
D1,236018,WT,5,Bottom,2022_09_05,Plant_5_2022_09_05
D2,252507,WT,5,Bottom,2022_09_05,Plant_5_2022_09_05
D3,355975,WT,5,Bottom,2022_09_05,Plant_5_2022_09_05
D4,337160,WT,5,Bottom,2022_09_05,Plant_5_2022_09_05
D5,534721,WT,6,Top,2022_09_05,Plant_6_2022_09_05
D6,415221,WT,6,Top,2022_09_05,Plant_6_2022_09_05
D7,455762,WT,6,Top,2022_09_05,Plant_6_2022_09_05
D8,424448,WT,6,Top,2022_09_05,Plant_6_2022_09_05
D9,467106,WT,6,Bottom,2022_09_05,Plant_6_2022_09_05
D10,345549,WT,6,Bottom,2022_09_05,Plant_6_2022_09_05
D11,409120,WT,6,Bottom,2022_09_05,Plant_6_2022_09_05
D12,414870,WT,6,Bottom,2022_09_05,Plant_6_2022_09_05
E1,544694,WT,7,Top,2022_09_05,Plant_7_2022_09_05
E2,354355,WT,7,Top,2022_09_05,Plant_7_2022_09_05
E3,450530,WT,7,Top,2022_09_05,Plant_7_2022_09_05
E4,517285,WT,7,Top,2022_09_05,Plant_7_2022_09_05
E5,411521,WT,7,Bottom,2022_09_05,Plant_7_2022_09_05
E6,293201,WT,7,Bottom,2022_09_05,Plant_7_2022_09_05
E7,323270,WT,7,Bottom,2022_09_05,Plant_7_2022_09_05
E8,283777,WT,7,Bottom,2022_09_05,Plant_7_2022_09_05
E9,218558,WT,8,Top,2022_09_05,Plant_8_2022_09_05
E10,234541,WT,8,Top,2022_09_05,Plant_8_2022_09_05
E11,317368,WT,8,Top,2022_09_05,Plant_8_2022_09_05
E12,326938,WT,8,Top,2022_09_05,Plant_8_2022_09_05
F1,350991,WT,8,Bottom,2022_09_05,Plant_8_2022_09_05
F2,348557,WT,8,Bottom,2022_09_05,Plant_8_2022_09_05
F3,434295,WT,8,Bottom,2022_09_05,Plant_8_2022_09_05
F4,440599,WT,8,Bottom,2022_09_05,Plant_8_2022_09_05
F5,563,Leaf,1,Top,2022_09_05,Plant_1_2022_09_05
F6,676,Leaf,1,Top,2022_09_05,Plant_1_2022_09_05
F7,728,Leaf,1,Top,2022_09_05,Plant_1_2022_09_05
F8,688,Leaf,1,Top,2022_09_05,Plant_1_2022_09_05
F9,676,Leaf,1,Bottom,2022_09_05,Plant_1_2022_09_05
F10,712,Leaf,1,Bottom,2022_09_05,Plant_1_2022_09_05
F11,710,Leaf,1,Bottom,2022_09_05,Plant_1_2022_09_05
F12,702,Leaf,1,Bottom,2022_09_05,Plant_1_2022_09_05
G1,848,Leaf,2,Top,2022_09_05,Plant_2_2022_09_05
G2,717,Leaf,2,Top,2022_09_05,Plant_2_2022_09_05
G3,795,Leaf,2,Top,2022_09_05,Plant_2_2022_09_05
G4,834,Leaf,2,Top,2022_09_05,Plant_2_2022_09_05
A1,185108,WT,1,Top,2022_07_25,Plant_1_2022_07_25
A2,254153,WT,1,Top,2022_07_25,Plant_1_2022_07_25
A3,196532,WT,1,Top,2022_07_25,Plant_1_2022_07_25
A4,241462,WT,1,Top,2022_07_25,Plant_1_2022_07_25
A5,221387,WT,1,Bottom,2022_07_25,Plant_1_2022_07_25
A6,120062,WT,1,Bottom,2022_07_25,Plant_1_2022_07_25
A7,269450,WT,1,Bottom,2022_07_25,Plant_1_2022_07_25
A8,324098,WT,1,Bottom,2022_07_25,Plant_1_2022_07_25
A9,120149,WT,2,Top,2022_07_25,Plant_2_2022_07_25
A10,174979,WT,2,Top,2022_07_25,Plant_2_2022_07_25
A11,239699,WT,2,Top,2022_07_25,Plant_2_2022_07_25
A12,252974,WT,2,Top,2022_07_25,Plant_2_2022_07_25
B1,135280,WT,2,Bottom,2022_07_25,Plant_2_2022_07_25
B2,172712,WT,2,Bottom,2022_07_25,Plant_2_2022_07_25
B3,162236,WT,2,Bottom,2022_07_25,Plant_2_2022_07_25
B4,249713,WT,2,Bottom,2022_07_25,Plant_2_2022_07_25
B5,426592,WT,3,Top,2022_07_25,Plant_3_2022_07_25
B6,247879,WT,3,Top,2022_07_25,Plant_3_2022_07_25
B7,256653,WT,3,Top,2022_07_25,Plant_3_2022_07_25
B8,353158,WT,3,Top,2022_07_25,Plant_3_2022_07_25
B9,396597,WT,3,Bottom,2022_07_25,Plant_3_2022_07_25
B10,384252,WT,3,Bottom,2022_07_25,Plant_3_2022_07_25
B11,377760,WT,3,Bottom,2022_07_25,Plant_3_2022_07_25
B12,355215,WT,3,Bottom,2022_07_25,Plant_3_2022_07_25
C1,284317,WT,4,Top,2022_07_25,Plant_4_2022_07_25
C2,429449,WT,4,Top,2022_07_25,Plant_4_2022_07_25
C3,392968,WT,4,Top,2022_07_25,Plant_4_2022_07_25
C4,251285,WT,4,Top,2022_07_25,Plant_4_2022_07_25
C5,196636,WT,4,Bottom,2022_07_25,Plant_4_2022_07_25
C6,172680,WT,4,Bottom,2022_07_25,Plant_4_2022_07_25
C7,281516,WT,4,Bottom,2022_07_25,Plant_4_2022_07_25
C8,210174,WT,4,Bottom,2022_07_25,Plant_4_2022_07_25
C9,173813,WT,5,Top,2022_07_25,Plant_5_2022_07_25
C10,272888,WT,5,Top,2022_07_25,Plant_5_2022_07_25
C11,177590,WT,5,Top,2022_07_25,Plant_5_2022_07_25
C12,357989,WT,5,Top,2022_07_25,Plant_5_2022_07_25
D1,372310,WT,5,Bottom,2022_07_25,Plant_5_2022_07_25
D2,469282,WT,5,Bottom,2022_07_25,Plant_5_2022_07_25
D3,543309,WT,5,Bottom,2022_07_25,Plant_5_2022_07_25
D4,325472,WT,5,Bottom,2022_07_25,Plant_5_2022_07_25
D5,276394,WT,6,Top,2022_07_25,Plant_6_2022_07_25
D6,343566,WT,6,Top,2022_07_25,Plant_6_2022_07_25
D7,274840,WT,6,Top,2022_07_25,Plant_6_2022_07_25
D8,199017,WT,6,Top,2022_07_25,Plant_6_2022_07_25
D9,350741,WT,6,Bottom,2022_07_25,Plant_6_2022_07_25
D10,238374,WT,6,Bottom,2022_07_25,Plant_6_2022_07_25
D11,204013,WT,6,Bottom,2022_07_25,Plant_6_2022_07_25
D12,235468,WT,6,Bottom,2022_07_25,Plant_6_2022_07_25
E1,378198,WT,7,Top,2022_07_25,Plant_7_2022_07_25
E2,287055,WT,7,Top,2022_07_25,Plant_7_2022_07_25
E3,260725,WT,7,Top,2022_07_25,Plant_7_2022_07_25
E4,227782,WT,7,Top,2022_07_25,Plant_7_2022_07_25
E5,240654,WT,7,Bottom,2022_07_25,Plant_7_2022_07_25
E6,264204,WT,7,Bottom,2022_07_25,Plant_7_2022_07_25
E7,266372,WT,7,Bottom,2022_07_25,Plant_7_2022_07_25
E8,342933,WT,7,Bottom,2022_07_25,Plant_7_2022_07_25
E9,157693,WT,8,Top,2022_07_25,Plant_8_2022_07_25
E10,120715,WT,8,Top,2022_07_25,Plant_8_2022_07_25
E11,177279,WT,8,Top,2022_07_25,Plant_8_2022_07_25
E12,269285,WT,8,Top,2022_07_25,Plant_8_2022_07_25
F1,250231,WT,8,Bottom,2022_07_25,Plant_8_2022_07_25
F2,295924,WT,8,Bottom,2022_07_25,Plant_8_2022_07_25
F3,159916,WT,8,Bottom,2022_07_25,Plant_8_2022_07_25
F4,333845,WT,8,Bottom,2022_07_25,Plant_8_2022_07_25
F5,494,Leaf,1,Top,2022_07_25,Plant_1_2022_07_25
F6,474,Leaf,1,Top,2022_07_25,Plant_1_2022_07_25
F7,458,Leaf,1,Top,2022_07_25,Plant_1_2022_07_25
F8,531,Leaf,1,Top,2022_07_25,Plant_1_2022_07_25
F9,568,Leaf,1,Bottom,2022_07_25,Plant_1_2022_07_25
F10,630,Leaf,1,Bottom,2022_07_25,Plant_1_2022_07_25
F11,619,Leaf,1,Bottom,2022_07_25,Plant_1_2022_07_25
F12,611,Leaf,1,Bottom,2022_07_25,Plant_1_2022_07_25
G1,557,Leaf,2,Top,2022_07_25,Plant_2_2022_07_25
G2,530,Leaf,2,Top,2022_07_25,Plant_2_2022_07_25
G3,501,Leaf,2,Top,2022_07_25,Plant_2_2022_07_25
G4,547,Leaf,2,Top,2022_07_25,Plant_2_2022_07_25
G5,637,Leaf,2,Bottom,2022_07_25,Plant_2_2022_07_25
G6,540,Leaf,2,Bottom,2022_07_25,Plant_2_2022_07_25
G7,625,Leaf,2,Bottom,2022_07_25,Plant_2_2022_07_25
G8,545,Leaf,2,Bottom,2022_07_25,Plant_2_2022_07_25
A1,420499,WT,1,Top,2022_09_12,Plant_1_2022_09_12
A2,440842,WT,1,Top,2022_09_12,Plant_1_2022_09_12
A3,353656,WT,1,Top,2022_09_12,Plant_1_2022_09_12
A4,335207,WT,1,Top,2022_09_12,Plant_1_2022_09_12
A5,269325,WT,1,Bottom,2022_09_12,Plant_1_2022_09_12
A6,398141,WT,1,Bottom,2022_09_12,Plant_1_2022_09_12
A7,441608,WT,1,Bottom,2022_09_12,Plant_1_2022_09_12
A8,294542,WT,1,Bottom,2022_09_12,Plant_1_2022_09_12
A9,562250,WT,2,Top,2022_09_12,Plant_2_2022_09_12
A10,594528,WT,2,Top,2022_09_12,Plant_2_2022_09_12
A11,580434,WT,2,Top,2022_09_12,Plant_2_2022_09_12
A12,796538,WT,2,Top,2022_09_12,Plant_2_2022_09_12
B1,383976,WT,2,Bottom,2022_09_12,Plant_2_2022_09_12
B2,445595,WT,2,Bottom,2022_09_12,Plant_2_2022_09_12
B3,369807,WT,2,Bottom,2022_09_12,Plant_2_2022_09_12
B4,372637,WT,2,Bottom,2022_09_12,Plant_2_2022_09_12
B5,421945,WT,3,Top,2022_09_12,Plant_3_2022_09_12
B6,292749,WT,3,Top,2022_09_12,Plant_3_2022_09_12
B7,444925,WT,3,Top,2022_09_12,Plant_3_2022_09_12
B8,359102,WT,3,Top,2022_09_12,Plant_3_2022_09_12
B9,569673,WT,3,Bottom,2022_09_12,Plant_3_2022_09_12
B10,514006,WT,3,Bottom,2022_09_12,Plant_3_2022_09_12
B11,439835,WT,3,Bottom,2022_09_12,Plant_3_2022_09_12
B12,601148,WT,3,Bottom,2022_09_12,Plant_3_2022_09_12
C1,362196,WT,4,Top,2022_09_12,Plant_4_2022_09_12
C2,331398,WT,4,Top,2022_09_12,Plant_4_2022_09_12
C3,469361,WT,4,Top,2022_09_12,Plant_4_2022_09_12
C4,444904,WT,4,Top,2022_09_12,Plant_4_2022_09_12
C5,333634,WT,4,Bottom,2022_09_12,Plant_4_2022_09_12
C6,398485,WT,4,Bottom,2022_09_12,Plant_4_2022_09_12
C7,355763,WT,4,Bottom,2022_09_12,Plant_4_2022_09_12
C8,323288,WT,4,Bottom,2022_09_12,Plant_4_2022_09_12
C9,492435,WT,5,Top,2022_09_12,Plant_5_2022_09_12
C10,248863,WT,5,Top,2022_09_12,Plant_5_2022_09_12
C11,493025,WT,5,Top,2022_09_12,Plant_5_2022_09_12
C12,484407,WT,5,Top,2022_09_12,Plant_5_2022_09_12
D1,344156,WT,5,Bottom,2022_09_12,Plant_5_2022_09_12
D2,243411,WT,5,Bottom,2022_09_12,Plant_5_2022_09_12
D3,358384,WT,5,Bottom,2022_09_12,Plant_5_2022_09_12
D4,291097,WT,5,Bottom,2022_09_12,Plant_5_2022_09_12
D5,417168,WT,6,Top,2022_09_12,Plant_6_2022_09_12
D6,471742,WT,6,Top,2022_09_12,Plant_6_2022_09_12
D7,465263,WT,6,Top,2022_09_12,Plant_6_2022_09_12
D8,755470,WT,6,Top,2022_09_12,Plant_6_2022_09_12
D9,301846,WT,6,Bottom,2022_09_12,Plant_6_2022_09_12
D10,257117,WT,6,Bottom,2022_09_12,Plant_6_2022_09_12
D11,347088,WT,6,Bottom,2022_09_12,Plant_6_2022_09_12
D12,402205,WT,6,Bottom,2022_09_12,Plant_6_2022_09_12
E1,475512,WT,7,Top,2022_09_12,Plant_7_2022_09_12
E2,580609,WT,7,Top,2022_09_12,Plant_7_2022_09_12
E3,547920,WT,7,Top,2022_09_12,Plant_7_2022_09_12
E4,527739,WT,7,Top,2022_09_12,Plant_7_2022_09_12
E5,314933,WT,7,Bottom,2022_09_12,Plant_7_2022_09_12
E6,241391,WT,7,Bottom,2022_09_12,Plant_7_2022_09_12
E7,253847,WT,7,Bottom,2022_09_12,Plant_7_2022_09_12
E8,293929,WT,7,Bottom,2022_09_12,Plant_7_2022_09_12
E9,465347,WT,8,Top,2022_09_12,Plant_8_2022_09_12
E10,449248,WT,8,Top,2022_09_12,Plant_8_2022_09_12
E11,432454,WT,8,Top,2022_09_12,Plant_8_2022_09_12
E12,452872,WT,8,Top,2022_09_12,Plant_8_2022_09_12
F1,361335,WT,8,Bottom,2022_09_12,Plant_8_2022_09_12
F2,429573,WT,8,Bottom,2022_09_12,Plant_8_2022_09_12
F3,137642,WT,8,Bottom,2022_09_12,Plant_8_2022_09_12
F4,152218,WT,8,Bottom,2022_09_12,Plant_8_2022_09_12
F5,768,Leaf,1,Top,2022_09_12,Plant_1_2022_09_12
F6,723,Leaf,1,Top,2022_09_12,Plant_1_2022_09_12
F7,740,Leaf,1,Top,2022_09_12,Plant_1_2022_09_12
F8,729,Leaf,1,Top,2022_09_12,Plant_1_2022_09_12
F9,754,Leaf,1,Bottom,2022_09_12,Plant_1_2022_09_12
F10,715,Leaf,1,Bottom,2022_09_12,Plant_1_2022_09_12
F11,735,Leaf,1,Bottom,2022_09_12,Plant_1_2022_09_12
F12,759,Leaf,1,Bottom,2022_09_12,Plant_1_2022_09_12
G1,802,Leaf,2,Top,2022_09_12,Plant_2_2022_09_12
G2,748,Leaf,2,Top,2022_09_12,Plant_2_2022_09_12
G3,799,Leaf,2,Top,2022_09_12,Plant_2_2022_09_12
G4,844,Leaf,2,Top,2022_09_12,Plant_2_2022_09_12
A1,462563,WT,1,Top,2022_10_17,Plant_1_2022_10_17
A2,438281,WT,1,Top,2022_10_17,Plant_1_2022_10_17
A3,392044,WT,1,Top,2022_10_17,Plant_1_2022_10_17
A4,536579,WT,1,Top,2022_10_17,Plant_1_2022_10_17
A5,556292,WT,1,Bottom,2022_10_17,Plant_1_2022_10_17
A6,613912,WT,1,Bottom,2022_10_17,Plant_1_2022_10_17
A7,575497,WT,1,Bottom,2022_10_17,Plant_1_2022_10_17
A8,447493,WT,1,Bottom,2022_10_17,Plant_1_2022_10_17
A9,615937,WT,2,Top,2022_10_17,Plant_2_2022_10_17
A10,513506,WT,2,Top,2022_10_17,Plant_2_2022_10_17
A11,489520,WT,2,Top,2022_10_17,Plant_2_2022_10_17
A12,626273,WT,2,Top,2022_10_17,Plant_2_2022_10_17
B1,466727,WT,2,Bottom,2022_10_17,Plant_2_2022_10_17
B2,755412,WT,2,Bottom,2022_10_17,Plant_2_2022_10_17
B3,601960,WT,2,Bottom,2022_10_17,Plant_2_2022_10_17
B4,531933,WT,2,Bottom,2022_10_17,Plant_2_2022_10_17
B5,453924,WT,3,Top,2022_10_17,Plant_3_2022_10_17
B6,474613,WT,3,Top,2022_10_17,Plant_3_2022_10_17
B7,493578,WT,3,Top,2022_10_17,Plant_3_2022_10_17
B8,576507,WT,3,Top,2022_10_17,Plant_3_2022_10_17
B9,235196,WT,3,Bottom,2022_10_17,Plant_3_2022_10_17
B10,283888,WT,3,Bottom,2022_10_17,Plant_3_2022_10_17
B11,257637,WT,3,Bottom,2022_10_17,Plant_3_2022_10_17
B12,296498,WT,3,Bottom,2022_10_17,Plant_3_2022_10_17
C1,428967,WT,4,Top,2022_10_17,Plant_4_2022_10_17
C2,238910,WT,4,Top,2022_10_17,Plant_4_2022_10_17
C3,220448,WT,4,Top,2022_10_17,Plant_4_2022_10_17
C4,269188,WT,4,Top,2022_10_17,Plant_4_2022_10_17
C5,385181,WT,4,Bottom,2022_10_17,Plant_4_2022_10_17
C6,564750,WT,4,Bottom,2022_10_17,Plant_4_2022_10_17
C7,384279,WT,4,Bottom,2022_10_17,Plant_4_2022_10_17
C8,423772,WT,4,Bottom,2022_10_17,Plant_4_2022_10_17
C9,410336,WT,5,Top,2022_10_17,Plant_5_2022_10_17
C10,465342,WT,5,Top,2022_10_17,Plant_5_2022_10_17
C11,397877,WT,5,Top,2022_10_17,Plant_5_2022_10_17
C12,391157,WT,5,Top,2022_10_17,Plant_5_2022_10_17
D1,394507,WT,5,Bottom,2022_10_17,Plant_5_2022_10_17
D2,572257,WT,5,Bottom,2022_10_17,Plant_5_2022_10_17
D3,428647,WT,5,Bottom,2022_10_17,Plant_5_2022_10_17
D4,500375,WT,5,Bottom,2022_10_17,Plant_5_2022_10_17
D5,527653,WT,6,Top,2022_10_17,Plant_6_2022_10_17
D6,539741,WT,6,Top,2022_10_17,Plant_6_2022_10_17
D7,511207,WT,6,Top,2022_10_17,Plant_6_2022_10_17
D8,507940,WT,6,Top,2022_10_17,Plant_6_2022_10_17
D9,558944,WT,6,Bottom,2022_10_17,Plant_6_2022_10_17
D10,385497,WT,6,Bottom,2022_10_17,Plant_6_2022_10_17
D11,472845,WT,6,Bottom,2022_10_17,Plant_6_2022_10_17
D12,459024,WT,6,Bottom,2022_10_17,Plant_6_2022_10_17
E1,333991,WT,7,Top,2022_10_17,Plant_7_2022_10_17
E2,406452,WT,7,Top,2022_10_17,Plant_7_2022_10_17
E3,366979,WT,7,Top,2022_10_17,Plant_7_2022_10_17
E4,283519,WT,7,Top,2022_10_17,Plant_7_2022_10_17
E5,399194,WT,7,Bottom,2022_10_17,Plant_7_2022_10_17
E6,466422,WT,7,Bottom,2022_10_17,Plant_7_2022_10_17
E7,508481,WT,7,Bottom,2022_10_17,Plant_7_2022_10_17
E8,416514,WT,7,Bottom,2022_10_17,Plant_7_2022_10_17
E9,596203,WT,8,Top,2022_10_17,Plant_8_2022_10_17
E10,511839,WT,8,Top,2022_10_17,Plant_8_2022_10_17
E11,461104,WT,8,Top,2022_10_17,Plant_8_2022_10_17
E12,528154,WT,8,Top,2022_10_17,Plant_8_2022_10_17
F1,391060,WT,8,Bottom,2022_10_17,Plant_8_2022_10_17
F2,370436,WT,8,Bottom,2022_10_17,Plant_8_2022_10_17
F3,496114,WT,8,Bottom,2022_10_17,Plant_8_2022_10_17
F4,414729,WT,8,Bottom,2022_10_17,Plant_8_2022_10_17
C9,1128,Leaf,1,Top,2022_10_17,Plant_1_2022_10_17
C10,648,Leaf,1,Top,2022_10_17,Plant_1_2022_10_17
C11,670,Leaf,1,Top,2022_10_17,Plant_1_2022_10_17
C12,682,Leaf,1,Top,2022_10_17,Plant_1_2022_10_17
D1,669,Leaf,1,Bottom,2022_10_17,Plant_1_2022_10_17
D2,619,Leaf,1,Bottom,2022_10_17,Plant_1_2022_10_17
D3,687,Leaf,1,Bottom,2022_10_17,Plant_1_2022_10_17
D4,674,Leaf,1,Bottom,2022_10_17,Plant_1_2022_10_17
D5,672,Leaf,2,Top,2022_10_17,Plant_2_2022_10_17
D6,913,Leaf,2,Top,2022_10_17,Plant_2_2022_10_17
D7,813,Leaf,2,Top,2022_10_17,Plant_2_2022_10_17
D8,755,Leaf,2,Top,2022_10_17,Plant_2_2022_10_17
D9,594,Leaf,3,Top,2022_10_17,Plant_3_2022_10_17
D10,663,Leaf,3,Top,2022_10_17,Plant_3_2022_10_17
D11,593,Leaf,3,Top,2022_10_17,Plant_3_2022_10_17
D12,668,Leaf,3,Top,2022_10_17,Plant_3_2022_10_17
E1,650,Leaf,3,Bottom,2022_10_17,Plant_3_2022_10_17
E2,684,Leaf,3,Bottom,2022_10_17,Plant_3_2022_10_17
E3,715,Leaf,3,Bottom,2022_10_17,Plant_3_2022_10_17
E4,625,Leaf,3,Bottom,2022_10_17,Plant_3_2022_10_17
E5,673,Leaf,4,Top,2022_10_17,Plant_4_2022_10_17
E6,778,Leaf,4,Top,2022_10_17,Plant_4_2022_10_17
E7,759,Leaf,4,Top,2022_10_17,Plant_4_2022_10_17
E8,667,Leaf,4,Top,2022_10_17,Plant_4_2022_10_17
A1,298538,WT,1,Top,2022_11_07,Plant_1_2022_11_07
A2,298225,WT,1,Top,2022_11_07,Plant_1_2022_11_07
A3,467425,WT,1,Top,2022_11_07,Plant_1_2022_11_07
A4,288799,WT,1,Top,2022_11_07,Plant_1_2022_11_07
A5,495752,WT,1,Bottom,2022_11_07,Plant_1_2022_11_07
A6,581741,WT,1,Bottom,2022_11_07,Plant_1_2022_11_07
A7,488275,WT,1,Bottom,2022_11_07,Plant_1_2022_11_07
A8,378296,WT,1,Bottom,2022_11_07,Plant_1_2022_11_07
A9,224692,WT,2,Top,2022_11_07,Plant_2_2022_11_07
A10,202951,WT,2,Top,2022_11_07,Plant_2_2022_11_07
A11,307000,WT,2,Top,2022_11_07,Plant_2_2022_11_07
A12,161486,WT,2,Top,2022_11_07,Plant_2_2022_11_07
B1,262473,WT,2,Bottom,2022_11_07,Plant_2_2022_11_07
B2,450576,WT,2,Bottom,2022_11_07,Plant_2_2022_11_07
B3,357429,WT,2,Bottom,2022_11_07,Plant_2_2022_11_07
B4,231764,WT,2,Bottom,2022_11_07,Plant_2_2022_11_07
B5,219237,WT,3,Top,2022_11_07,Plant_3_2022_11_07
B6,257089,WT,3,Top,2022_11_07,Plant_3_2022_11_07
B7,296927,WT,3,Top,2022_11_07,Plant_3_2022_11_07
B8,227603,WT,3,Top,2022_11_07,Plant_3_2022_11_07
B9,208506,WT,3,Bottom,2022_11_07,Plant_3_2022_11_07
B10,437585,WT,3,Bottom,2022_11_07,Plant_3_2022_11_07
B11,299858,WT,3,Bottom,2022_11_07,Plant_3_2022_11_07
B12,395320,WT,3,Bottom,2022_11_07,Plant_3_2022_11_07
C1,276442,WT,4,Top,2022_11_07,Plant_4_2022_11_07
C2,278463,WT,4,Top,2022_11_07,Plant_4_2022_11_07
C3,266960,WT,4,Top,2022_11_07,Plant_4_2022_11_07
C4,268193,WT,4,Top,2022_11_07,Plant_4_2022_11_07
C5,327206,WT,4,Bottom,2022_11_07,Plant_4_2022_11_07
C6,318454,WT,4,Bottom,2022_11_07,Plant_4_2022_11_07
C7,330493,WT,4,Bottom,2022_11_07,Plant_4_2022_11_07
C8,333521,WT,4,Bottom,2022_11_07,Plant_4_2022_11_07
C9,352590,WT,5,Top,2022_11_07,Plant_5_2022_11_07
C10,284671,WT,5,Top,2022_11_07,Plant_5_2022_11_07
C11,260603,WT,5,Top,2022_11_07,Plant_5_2022_11_07
C12,285699,WT,5,Top,2022_11_07,Plant_5_2022_11_07
D1,250720,WT,5,Bottom,2022_11_07,Plant_5_2022_11_07
D2,290837,WT,5,Bottom,2022_11_07,Plant_5_2022_11_07
D3,288189,WT,5,Bottom,2022_11_07,Plant_5_2022_11_07
D4,295701,WT,5,Bottom,2022_11_07,Plant_5_2022_11_07
D5,204897,WT,6,Top,2022_11_07,Plant_6_2022_11_07
D6,368588,WT,6,Top,2022_11_07,Plant_6_2022_11_07
D7,334764,WT,6,Top,2022_11_07,Plant_6_2022_11_07
D8,303990,WT,6,Top,2022_11_07,Plant_6_2022_11_07
D9,169679,WT,6,Bottom,2022_11_07,Plant_6_2022_11_07
D10,180762,WT,6,Bottom,2022_11_07,Plant_6_2022_11_07
D11,211865,WT,6,Bottom,2022_11_07,Plant_6_2022_11_07
D12,264691,WT,6,Bottom,2022_11_07,Plant_6_2022_11_07
E1,179096,WT,7,Top,2022_11_07,Plant_7_2022_11_07
E2,249842,WT,7,Top,2022_11_07,Plant_7_2022_11_07
E3,279071,WT,7,Top,2022_11_07,Plant_7_2022_11_07
E4,197865,WT,7,Top,2022_11_07,Plant_7_2022_11_07
E5,284205,WT,7,Bottom,2022_11_07,Plant_7_2022_11_07
E6,289024,WT,7,Bottom,2022_11_07,Plant_7_2022_11_07
E7,295989,WT,7,Bottom,2022_11_07,Plant_7_2022_11_07
E8,264226,WT,7,Bottom,2022_11_07,Plant_7_2022_11_07
E9,236264,WT,8,Top,2022_11_07,Plant_8_2022_11_07
E10,358449,WT,8,Top,2022_11_07,Plant_8_2022_11_07
E11,299304,WT,8,Top,2022_11_07,Plant_8_2022_11_07
E12,91356,WT,8,Top,2022_11_07,Plant_8_2022_11_07
F1,310307,WT,8,Bottom,2022_11_07,Plant_8_2022_11_07
F2,337662,WT,8,Bottom,2022_11_07,Plant_8_2022_11_07
F3,254118,WT,8,Bottom,2022_11_07,Plant_8_2022_11_07
F4,353326,WT,8,Bottom,2022_11_07,Plant_8_2022_11_07
A1,732,Leaf,1,Top,2022_11_07,Plant_1_2022_11_07
A2,694,Leaf,1,Top,2022_11_07,Plant_1_2022_11_07
A3,612,Leaf,1,Top,2022_11_07,Plant_1_2022_11_07
A4,591,Leaf,1,Top,2022_11_07,Plant_1_2022_11_07
A5,692,Leaf,1,Bottom,2022_11_07,Plant_1_2022_11_07
A6,709,Leaf,1,Bottom,2022_11_07,Plant_1_2022_11_07
A7,757,Leaf,1,Bottom,2022_11_07,Plant_1_2022_11_07
A8,640,Leaf,1,Bottom,2022_11_07,Plant_1_2022_11_07
A9,685,Leaf,2,Top,2022_11_07,Plant_2_2022_11_07
A10,683,Leaf,2,Top,2022_11_07,Plant_2_2022_11_07
A11,689,Leaf,2,Top,2022_11_07,Plant_2_2022_11_07
A12,679,Leaf,2,Top,2022_11_07,Plant_2_2022_11_07
B1,673,Leaf,2,Bottom,2022_11_07,Plant_2_2022_11_07
B2,639,Leaf,2,Bottom,2022_11_07,Plant_2_2022_11_07
B3,646,Leaf,2,Bottom,2022_11_07,Plant_2_2022_11_07
B4,597,Leaf,2,Bottom,2022_11_07,Plant_2_2022_11_07
B5,642,Leaf,3,Top,2022_11_07,Plant_3_2022_11_07
B6,656,Leaf,3,Top,2022_11_07,Plant_3_2022_11_07
B7,705,Leaf,3,Top,2022_11_07,Plant_3_2022_11_07
B8,576,Leaf,3,Top,2022_11_07,Plant_3_2022_11_07
B9,594,Leaf,3,Bottom,2022_11_07,Plant_3_2022_11_07
B10,592,Leaf,3,Bottom,2022_11_07,Plant_3_2022_11_07
B11,597,Leaf,3,Bottom,2022_11_07,Plant_3_2022_11_07
B12,651,Leaf,3,Bottom,2022_11_07,Plant_3_2022_11_07
A1,907747,WT,1,Top,2022_12_05,Plant_1_2022_12_05
A2,579450,WT,1,Top,2022_12_05,Plant_1_2022_12_05
A3,741414,WT,1,Top,2022_12_05,Plant_1_2022_12_05
A4,913911,WT,1,Top,2022_12_05,Plant_1_2022_12_05
A5,757615,WT,1,Bottom,2022_12_05,Plant_1_2022_12_05
A6,750900,WT,1,Bottom,2022_12_05,Plant_1_2022_12_05
A7,520029,WT,1,Bottom,2022_12_05,Plant_1_2022_12_05
A8,488405,WT,1,Bottom,2022_12_05,Plant_1_2022_12_05
A9,694688,WT,2,Top,2022_12_05,Plant_2_2022_12_05
A10,678707,WT,2,Top,2022_12_05,Plant_2_2022_12_05
A11,601091,WT,2,Top,2022_12_05,Plant_2_2022_12_05
A12,605056,WT,2,Top,2022_12_05,Plant_2_2022_12_05
B1,570975,WT,2,Bottom,2022_12_05,Plant_2_2022_12_05
B2,900737,WT,2,Bottom,2022_12_05,Plant_2_2022_12_05
B3,975632,WT,2,Bottom,2022_12_05,Plant_2_2022_12_05
B4,593844,WT,2,Bottom,2022_12_05,Plant_2_2022_12_05
B5,326771,WT,3,Top,2022_12_05,Plant_3_2022_12_05
B6,370635,WT,3,Top,2022_12_05,Plant_3_2022_12_05
B7,295301,WT,3,Top,2022_12_05,Plant_3_2022_12_05
B8,295094,WT,3,Top,2022_12_05,Plant_3_2022_12_05
B9,552498,WT,3,Bottom,2022_12_05,Plant_3_2022_12_05
B10,477806,WT,3,Bottom,2022_12_05,Plant_3_2022_12_05
B11,305718,WT,3,Bottom,2022_12_05,Plant_3_2022_12_05
B12,354390,WT,3,Bottom,2022_12_05,Plant_3_2022_12_05
C1,695249,WT,4,Top,2022_12_05,Plant_4_2022_12_05
C2,383982,WT,4,Top,2022_12_05,Plant_4_2022_12_05
C3,755257,WT,4,Top,2022_12_05,Plant_4_2022_12_05
C4,447280,WT,4,Top,2022_12_05,Plant_4_2022_12_05
C5,534153,WT,4,Bottom,2022_12_05,Plant_4_2022_12_05
C6,660103,WT,4,Bottom,2022_12_05,Plant_4_2022_12_05
C7,876269,WT,4,Bottom,2022_12_05,Plant_4_2022_12_05
C8,889170,WT,4,Bottom,2022_12_05,Plant_4_2022_12_05
C9,910287,WT,5,Top,2022_12_05,Plant_5_2022_12_05
C10,973817,WT,5,Top,2022_12_05,Plant_5_2022_12_05
C11,1048157,WT,5,Top,2022_12_05,Plant_5_2022_12_05
C12,888149,WT,5,Top,2022_12_05,Plant_5_2022_12_05
D1,535800,WT,5,Bottom,2022_12_05,Plant_5_2022_12_05
D2,650208,WT,5,Bottom,2022_12_05,Plant_5_2022_12_05
D3,677739,WT,5,Bottom,2022_12_05,Plant_5_2022_12_05
D4,441848,WT,5,Bottom,2022_12_05,Plant_5_2022_12_05
D5,564891,WT,6,Top,2022_12_05,Plant_6_2022_12_05
D6,582997,WT,6,Top,2022_12_05,Plant_6_2022_12_05
D7,639229,WT,6,Top,2022_12_05,Plant_6_2022_12_05
D8,609019,WT,6,Top,2022_12_05,Plant_6_2022_12_05
D9,939633,WT,6,Bottom,2022_12_05,Plant_6_2022_12_05
D10,1166104,WT,6,Bottom,2022_12_05,Plant_6_2022_12_05
D11,692648,WT,6,Bottom,2022_12_05,Plant_6_2022_12_05
D12,546874,WT,6,Bottom,2022_12_05,Plant_6_2022_12_05
E1,735801,WT,7,Top,2022_12_05,Plant_7_2022_12_05
E2,713294,WT,7,Top,2022_12_05,Plant_7_2022_12_05
E3,559551,WT,7,Top,2022_12_05,Plant_7_2022_12_05
E4,641722,WT,7,Top,2022_12_05,Plant_7_2022_12_05
E5,576644,WT,7,Bottom,2022_12_05,Plant_7_2022_12_05
E6,452741,WT,7,Bottom,2022_12_05,Plant_7_2022_12_05
E7,568742,WT,7,Bottom,2022_12_05,Plant_7_2022_12_05
E8,596771,WT,7,Bottom,2022_12_05,Plant_7_2022_12_05
E9,170723,WT,8,Top,2022_12_05,Plant_8_2022_12_05
E10,635499,WT,8,Top,2022_12_05,Plant_8_2022_12_05
E11,433731,WT,8,Top,2022_12_05,Plant_8_2022_12_05
E12,539796,WT,8,Top,2022_12_05,Plant_8_2022_12_05
F1,705715,WT,8,Bottom,2022_12_05,Plant_8_2022_12_05
F2,715143,WT,8,Bottom,2022_12_05,Plant_8_2022_12_05
F3,792184,WT,8,Bottom,2022_12_05,Plant_8_2022_12_05
F4,718420,WT,8,Bottom,2022_12_05,Plant_8_2022_12_05
A1,988,Leaf,1,Top,2022_12_05,Plant_1_2022_12_05
A2,1018,Leaf,1,Top,2022_12_05,Plant_1_2022_12_05
A3,874,Leaf,1,Top,2022_12_05,Plant_1_2022_12_05
A4,870,Leaf,1,Top,2022_12_05,Plant_1_2022_12_05
A5,1038,Leaf,1,Bottom,2022_12_05,Plant_1_2022_12_05
A6,813,Leaf,1,Bottom,2022_12_05,Plant_1_2022_12_05
A7,1327,Leaf,1,Bottom,2022_12_05,Plant_1_2022_12_05
A8,871,Leaf,1,Bottom,2022_12_05,Plant_1_2022_12_05
A9,906,Leaf,2,Top,2022_12_05,Plant_2_2022_12_05
A10,989,Leaf,2,Top,2022_12_05,Plant_2_2022_12_05
A11,1015,Leaf,2,Top,2022_12_05,Plant_2_2022_12_05
A12,919,Leaf,2,Top,2022_12_05,Plant_2_2022_12_05
B1,893,Leaf,2,Bottom,2022_12_05,Plant_2_2022_12_05
B2,875,Leaf,2,Bottom,2022_12_05,Plant_2_2022_12_05
B3,817,Leaf,2,Bottom,2022_12_05,Plant_2_2022_12_05
B4,914,Leaf,2,Bottom,2022_12_05,Plant_2_2022_12_05
B5,829,Leaf,3,Top,2022_12_05,Plant_3_2022_12_05
B6,861,Leaf,3,Top,2022_12_05,Plant_3_2022_12_05
B7,736,Leaf,3,Top,2022_12_05,Plant_3_2022_12_05
B8,740,Leaf,3,Top,2022_12_05,Plant_3_2022_12_05
B9,983,Leaf,3,Bottom,2022_12_05,Plant_3_2022_12_05
B10,770,Leaf,3,Bottom,2022_12_05,Plant_3_2022_12_05
B11,746,Leaf,3,Bottom,2022_12_05,Plant_3_2022_12_05
B12,840,Leaf,3,Bottom,2022_12_05,Plant_3_2022_12_05
A1,826113,WT,1,Top,2023_01_09,Plant_1_2023_01_09
A2,920009,WT,1,Top,2023_01_09,Plant_1_2023_01_09
A3,789181,WT,1,Top,2023_01_09,Plant_1_2023_01_09
A4,660249,WT,1,Top,2023_01_09,Plant_1_2023_01_09
A5,754230,WT,1,Bottom,2023_01_09,Plant_1_2023_01_09
A6,698151,WT,1,Bottom,2023_01_09,Plant_1_2023_01_09
A7,731917,WT,1,Bottom,2023_01_09,Plant_1_2023_01_09
A8,787556,WT,1,Bottom,2023_01_09,Plant_1_2023_01_09
A9,602648,WT,2,Top,2023_01_09,Plant_2_2023_01_09
A10,541373,WT,2,Top,2023_01_09,Plant_2_2023_01_09
A11,571891,WT,2,Top,2023_01_09,Plant_2_2023_01_09
A12,612874,WT,2,Top,2023_01_09,Plant_2_2023_01_09
B1,779332,WT,2,Bottom,2023_01_09,Plant_2_2023_01_09
B2,641782,WT,2,Bottom,2023_01_09,Plant_2_2023_01_09
B3,765511,WT,2,Bottom,2023_01_09,Plant_2_2023_01_09
B4,644812,WT,2,Bottom,2023_01_09,Plant_2_2023_01_09
B5,755958,WT,3,Top,2023_01_09,Plant_3_2023_01_09
B6,997055,WT,3,Top,2023_01_09,Plant_3_2023_01_09
B7,646254,WT,3,Top,2023_01_09,Plant_3_2023_01_09
B8,731820,WT,3,Top,2023_01_09,Plant_3_2023_01_09
B9,1000907,WT,3,Bottom,2023_01_09,Plant_3_2023_01_09
B10,804312,WT,3,Bottom,2023_01_09,Plant_3_2023_01_09
B11,890190,WT,3,Bottom,2023_01_09,Plant_3_2023_01_09
B12,897410,WT,3,Bottom,2023_01_09,Plant_3_2023_01_09
C1,689868,WT,4,Top,2023_01_09,Plant_4_2023_01_09
C2,491035,WT,4,Top,2023_01_09,Plant_4_2023_01_09
C3,540599,WT,4,Top,2023_01_09,Plant_4_2023_01_09
C4,490330,WT,4,Top,2023_01_09,Plant_4_2023_01_09
C5,768760,WT,4,Bottom,2023_01_09,Plant_4_2023_01_09
C6,167283,WT,4,Bottom,2023_01_09,Plant_4_2023_01_09
C7,878053,WT,4,Bottom,2023_01_09,Plant_4_2023_01_09
C8,657709,WT,4,Bottom,2023_01_09,Plant_4_2023_01_09
C9,628564,WT,5,Top,2023_01_09,Plant_5_2023_01_09
C10,539318,WT,5,Top,2023_01_09,Plant_5_2023_01_09
C11,556921,WT,5,Top,2023_01_09,Plant_5_2023_01_09
C12,802053,WT,5,Top,2023_01_09,Plant_5_2023_01_09
D1,689383,WT,5,Bottom,2023_01_09,Plant_5_2023_01_09
D2,700514,WT,5,Bottom,2023_01_09,Plant_5_2023_01_09
D3,618253,WT,5,Bottom,2023_01_09,Plant_5_2023_01_09
D4,623352,WT,5,Bottom,2023_01_09,Plant_5_2023_01_09
D5,773998,WT,6,Top,2023_01_09,Plant_6_2023_01_09
D6,894928,WT,6,Top,2023_01_09,Plant_6_2023_01_09
D7,895728,WT,6,Top,2023_01_09,Plant_6_2023_01_09
D8,1018887,WT,6,Top,2023_01_09,Plant_6_2023_01_09
D9,783425,WT,6,Bottom,2023_01_09,Plant_6_2023_01_09
D10,776989,WT,6,Bottom,2023_01_09,Plant_6_2023_01_09
D11,788936,WT,6,Bottom,2023_01_09,Plant_6_2023_01_09
D12,689265,WT,6,Bottom,2023_01_09,Plant_6_2023_01_09
E1,513972,WT,7,Top,2023_01_09,Plant_7_2023_01_09
E2,635093,WT,7,Top,2023_01_09,Plant_7_2023_01_09
E3,615898,WT,7,Top,2023_01_09,Plant_7_2023_01_09
E4,740618,WT,7,Top,2023_01_09,Plant_7_2023_01_09
E5,664022,WT,7,Bottom,2023_01_09,Plant_7_2023_01_09
E6,532994,WT,7,Bottom,2023_01_09,Plant_7_2023_01_09
E7,709893,WT,7,Bottom,2023_01_09,Plant_7_2023_01_09
E8,738052,WT,7,Bottom,2023_01_09,Plant_7_2023_01_09
E9,531076,WT,8,Top,2023_01_09,Plant_8_2023_01_09
E10,534504,WT,8,Top,2023_01_09,Plant_8_2023_01_09
E11,570462,WT,8,Top,2023_01_09,Plant_8_2023_01_09
E12,787930,WT,8,Top,2023_01_09,Plant_8_2023_01_09
F1,579312,WT,8,Bottom,2023_01_09,Plant_8_2023_01_09
F2,642416,WT,8,Bottom,2023_01_09,Plant_8_2023_01_09
F3,619080,WT,8,Bottom,2023_01_09,Plant_8_2023_01_09
F4,619623,WT,8,Bottom,2023_01_09,Plant_8_2023_01_09
A1,1497,Leaf,1,Top,2023_01_09,Plant_1_2023_01_09
A2,1094,Leaf,1,Top,2023_01_09,Plant_1_2023_01_09
A3,1166,Leaf,1,Top,2023_01_09,Plant_1_2023_01_09
A4,1082,Leaf,1,Top,2023_01_09,Plant_1_2023_01_09
A5,1047,Leaf,1,Bottom,2023_01_09,Plant_1_2023_01_09
A6,927,Leaf,1,Bottom,2023_01_09,Plant_1_2023_01_09
A7,1053,Leaf,1,Bottom,2023_01_09,Plant_1_2023_01_09
A8,1163,Leaf,1,Bottom,2023_01_09,Plant_1_2023_01_09
A9,228,Leaf,2,Top,2023_01_09,Plant_2_2023_01_09
A10,216,Leaf,2,Top,2023_01_09,Plant_2_2023_01_09
A11,216,Leaf,2,Top,2023_01_09,Plant_2_2023_01_09
A12,228,Leaf,2,Top,2023_01_09,Plant_2_2023_01_09
B1,1131,Leaf,2,Bottom,2023_01_09,Plant_2_2023_01_09
B2,1037,Leaf,2,Bottom,2023_01_09,Plant_2_2023_01_09
B3,1091,Leaf,2,Bottom,2023_01_09,Plant_2_2023_01_09
B4,1024,Leaf,2,Bottom,2023_01_09,Plant_2_2023_01_09
B5,1054,Leaf,3,Top,2023_01_09,Plant_3_2023_01_09
B6,998,Leaf,3,Top,2023_01_09,Plant_3_2023_01_09
B7,1224,Leaf,3,Top,2023_01_09,Plant_3_2023_01_09
B8,1000,Leaf,3,Top,2023_01_09,Plant_3_2023_01_09
A1,496367,WT,1,Top,2023_02_06,Plant_1_2023_02_06
A2,418112,WT,1,Top,2023_02_06,Plant_1_2023_02_06
A3,629010,WT,1,Top,2023_02_06,Plant_1_2023_02_06
A4,472149,WT,1,Top,2023_02_06,Plant_1_2023_02_06
A5,752435,WT,1,Bottom,2023_02_06,Plant_1_2023_02_06
A6,728654,WT,1,Bottom,2023_02_06,Plant_1_2023_02_06
A7,627808,WT,1,Bottom,2023_02_06,Plant_1_2023_02_06
A8,536367,WT,1,Bottom,2023_02_06,Plant_1_2023_02_06
A9,627998,WT,2,Top,2023_02_06,Plant_2_2023_02_06
A10,713885,WT,2,Top,2023_02_06,Plant_2_2023_02_06
A11,595824,WT,2,Top,2023_02_06,Plant_2_2023_02_06
A12,739150,WT,2,Top,2023_02_06,Plant_2_2023_02_06
B1,428641,WT,2,Bottom,2023_02_06,Plant_2_2023_02_06
B2,484404,WT,2,Bottom,2023_02_06,Plant_2_2023_02_06
B3,489772,WT,2,Bottom,2023_02_06,Plant_2_2023_02_06
B4,443433,WT,2,Bottom,2023_02_06,Plant_2_2023_02_06
B5,521545,WT,3,Top,2023_02_06,Plant_3_2023_02_06
B6,609536,WT,3,Top,2023_02_06,Plant_3_2023_02_06
B7,631860,WT,3,Top,2023_02_06,Plant_3_2023_02_06
B8,581409,WT,3,Top,2023_02_06,Plant_3_2023_02_06
B9,465274,WT,3,Bottom,2023_02_06,Plant_3_2023_02_06
B10,486232,WT,3,Bottom,2023_02_06,Plant_3_2023_02_06
B11,460232,WT,3,Bottom,2023_02_06,Plant_3_2023_02_06
B12,381572,WT,3,Bottom,2023_02_06,Plant_3_2023_02_06
C1,569759,WT,4,Top,2023_02_06,Plant_4_2023_02_06
C2,471289,WT,4,Top,2023_02_06,Plant_4_2023_02_06
C3,891847,WT,4,Top,2023_02_06,Plant_4_2023_02_06
C4,409762,WT,4,Top,2023_02_06,Plant_4_2023_02_06
C5,776462,WT,4,Bottom,2023_02_06,Plant_4_2023_02_06
C6,767704,WT,4,Bottom,2023_02_06,Plant_4_2023_02_06
C7,689541,WT,4,Bottom,2023_02_06,Plant_4_2023_02_06
C8,732769,WT,4,Bottom,2023_02_06,Plant_4_2023_02_06
C9,392444,WT,5,Top,2023_02_06,Plant_5_2023_02_06
C10,380365,WT,5,Top,2023_02_06,Plant_5_2023_02_06
C11,358244,WT,5,Top,2023_02_06,Plant_5_2023_02_06
C12,556977,WT,5,Top,2023_02_06,Plant_5_2023_02_06
D1,637196,WT,5,Bottom,2023_02_06,Plant_5_2023_02_06
D2,716933,WT,5,Bottom,2023_02_06,Plant_5_2023_02_06
D3,691955,WT,5,Bottom,2023_02_06,Plant_5_2023_02_06
D4,715932,WT,5,Bottom,2023_02_06,Plant_5_2023_02_06
D5,467185,WT,6,Top,2023_02_06,Plant_6_2023_02_06
D6,487831,WT,6,Top,2023_02_06,Plant_6_2023_02_06
D7,432306,WT,6,Top,2023_02_06,Plant_6_2023_02_06
D8,586299,WT,6,Top,2023_02_06,Plant_6_2023_02_06
D9,443228,WT,6,Bottom,2023_02_06,Plant_6_2023_02_06
D10,437965,WT,6,Bottom,2023_02_06,Plant_6_2023_02_06
D11,421176,WT,6,Bottom,2023_02_06,Plant_6_2023_02_06
D12,518833,WT,6,Bottom,2023_02_06,Plant_6_2023_02_06
E1,436407,WT,7,Top,2023_02_06,Plant_7_2023_02_06
E2,602594,WT,7,Top,2023_02_06,Plant_7_2023_02_06
E3,578121,WT,7,Top,2023_02_06,Plant_7_2023_02_06
E4,552410,WT,7,Top,2023_02_06,Plant_7_2023_02_06
E5,633671,WT,7,Bottom,2023_02_06,Plant_7_2023_02_06
E6,467115,WT,7,Bottom,2023_02_06,Plant_7_2023_02_06
E7,385598,WT,7,Bottom,2023_02_06,Plant_7_2023_02_06
E8,390435,WT,7,Bottom,2023_02_06,Plant_7_2023_02_06
E9,1074984,WT,8,Top,2023_02_06,Plant_8_2023_02_06
E10,836847,WT,8,Top,2023_02_06,Plant_8_2023_02_06
E11,487834,WT,8,Top,2023_02_06,Plant_8_2023_02_06
E12,805417,WT,8,Top,2023_02_06,Plant_8_2023_02_06
F1,747009,WT,8,Bottom,2023_02_06,Plant_8_2023_02_06
F2,564136,WT,8,Bottom,2023_02_06,Plant_8_2023_02_06
F3,530000,WT,8,Bottom,2023_02_06,Plant_8_2023_02_06
F4,491830,WT,8,Bottom,2023_02_06,Plant_8_2023_02_06
F5,898,Leaf,1,Top,2023_02_06,Plant_1_2023_02_06
F6,914,Leaf,1,Top,2023_02_06,Plant_1_2023_02_06
F7,998,Leaf,1,Top,2023_02_06,Plant_1_2023_02_06
F8,854,Leaf,1,Top,2023_02_06,Plant_1_2023_02_06
F9,959,Leaf,1,Bottom,2023_02_06,Plant_1_2023_02_06
F10,952,Leaf,1,Bottom,2023_02_06,Plant_1_2023_02_06
F11,1056,Leaf,1,Bottom,2023_02_06,Plant_1_2023_02_06
F12,868,Leaf,1,Bottom,2023_02_06,Plant_1_2023_02_06
G1,998,Leaf,2,Top,2023_02_06,Plant_2_2023_02_06
G2,951,Leaf,2,Top,2023_02_06,Plant_2_2023_02_06
G3,937,Leaf,2,Top,2023_02_06,Plant_2_2023_02_06
G4,948,Leaf,2,Top,2023_02_06,Plant_2_2023_02_06
A1,967482,WT,1,Top,2023_05_30,Plant_1_2023_05_30
A2,1375820,WT,1,Top,2023_05_30,Plant_1_2023_05_30
A3,1536022,WT,1,Top,2023_05_30,Plant_1_2023_05_30
A4,1044916,WT,1,Top,2023_05_30,Plant_1_2023_05_30
A5,1361309,WT,1,Bottom,2023_05_30,Plant_1_2023_05_30
A6,1098907,WT,1,Bottom,2023_05_30,Plant_1_2023_05_30
A7,1265169,WT,1,Bottom,2023_05_30,Plant_1_2023_05_30
A8,1249802,WT,1,Bottom,2023_05_30,Plant_1_2023_05_30
A9,1032454,WT,2,Top,2023_05_30,Plant_2_2023_05_30
A10,1275467,WT,2,Top,2023_05_30,Plant_2_2023_05_30
A11,1034192,WT,2,Top,2023_05_30,Plant_2_2023_05_30
A12,1357250,WT,2,Top,2023_05_30,Plant_2_2023_05_30
B1,1084719,WT,2,Bottom,2023_05_30,Plant_2_2023_05_30
B2,816322,WT,2,Bottom,2023_05_30,Plant_2_2023_05_30
B3,919963,WT,2,Bottom,2023_05_30,Plant_2_2023_05_30
B4,789813,WT,2,Bottom,2023_05_30,Plant_2_2023_05_30
B5,973216,WT,3,Top,2023_05_30,Plant_3_2023_05_30
B6,1030453,WT,3,Top,2023_05_30,Plant_3_2023_05_30
B7,1379186,WT,3,Top,2023_05_30,Plant_3_2023_05_30
B8,1129219,WT,3,Top,2023_05_30,Plant_3_2023_05_30
B9,944308,WT,3,Bottom,2023_05_30,Plant_3_2023_05_30
B10,1019102,WT,3,Bottom,2023_05_30,Plant_3_2023_05_30
B11,1094051,WT,3,Bottom,2023_05_30,Plant_3_2023_05_30
B12,857746,WT,3,Bottom,2023_05_30,Plant_3_2023_05_30
C1,1424890,WT,4,Top,2023_05_30,Plant_4_2023_05_30
C2,1358599,WT,4,Top,2023_05_30,Plant_4_2023_05_30
C3,946357,WT,4,Top,2023_05_30,Plant_4_2023_05_30
C4,964663,WT,4,Top,2023_05_30,Plant_4_2023_05_30
C5,1101117,WT,4,Bottom,2023_05_30,Plant_4_2023_05_30
C6,901791,WT,4,Bottom,2023_05_30,Plant_4_2023_05_30
C7,820768,WT,4,Bottom,2023_05_30,Plant_4_2023_05_30
C8,1227330,WT,4,Bottom,2023_05_30,Plant_4_2023_05_30
C9,806071,WT,5,Top,2023_05_30,Plant_5_2023_05_30
C10,976166,WT,5,Top,2023_05_30,Plant_5_2023_05_30
C11,1043330,WT,5,Top,2023_05_30,Plant_5_2023_05_30
C12,948859,WT,5,Top,2023_05_30,Plant_5_2023_05_30
D1,713738,WT,5,Bottom,2023_05_30,Plant_5_2023_05_30
D2,983107,WT,5,Bottom,2023_05_30,Plant_5_2023_05_30
D3,644703,WT,5,Bottom,2023_05_30,Plant_5_2023_05_30
D4,720244,WT,5,Bottom,2023_05_30,Plant_5_2023_05_30
D5,1099907,WT,6,Top,2023_05_30,Plant_6_2023_05_30
D6,1311347,WT,6,Top,2023_05_30,Plant_6_2023_05_30
D7,1265558,WT,6,Top,2023_05_30,Plant_6_2023_05_30
D8,964806,WT,6,Top,2023_05_30,Plant_6_2023_05_30
D9,1021968,WT,6,Bottom,2023_05_30,Plant_6_2023_05_30
D10,840469,WT,6,Bottom,2023_05_30,Plant_6_2023_05_30
D11,711658,WT,6,Bottom,2023_05_30,Plant_6_2023_05_30
D12,1085153,WT,6,Bottom,2023_05_30,Plant_6_2023_05_30
E1,386318,WT,7,Top,2023_05_30,Plant_7_2023_05_30
E2,931863,WT,7,Top,2023_05_30,Plant_7_2023_05_30
E3,785522,WT,7,Top,2023_05_30,Plant_7_2023_05_30
E4,900311,WT,7,Top,2023_05_30,Plant_7_2023_05_30
E5,833563,WT,7,Bottom,2023_05_30,Plant_7_2023_05_30
E6,666300,WT,7,Bottom,2023_05_30,Plant_7_2023_05_30
E7,751102,WT,7,Bottom,2023_05_30,Plant_7_2023_05_30
E8,949080,WT,7,Bottom,2023_05_30,Plant_7_2023_05_30
E9,954791,WT,8,Top,2023_05_30,Plant_8_2023_05_30
E10,958122,WT,8,Top,2023_05_30,Plant_8_2023_05_30
E11,890231,WT,8,Top,2023_05_30,Plant_8_2023_05_30
E12,581567,WT,8,Top,2023_05_30,Plant_8_2023_05_30
F1,970082,WT,8,Bottom,2023_05_30,Plant_8_2023_05_30
F2,892393,WT,8,Bottom,2023_05_30,Plant_8_2023_05_30
F3,740495,WT,8,Bottom,2023_05_30,Plant_8_2023_05_30
F4,773556,WT,8,Bottom,2023_05_30,Plant_8_2023_05_30
A1,1156768,WT,1,Top,2023_07_03,Plant_1_2023_07_03
A2,879843,WT,1,Top,2023_07_03,Plant_1_2023_07_03
A3,1092635,WT,1,Top,2023_07_03,Plant_1_2023_07_03
A4,1108683,WT,1,Top,2023_07_03,Plant_1_2023_07_03
A5,850826,WT,1,Bottom,2023_07_03,Plant_1_2023_07_03
A6,523875,WT,1,Bottom,2023_07_03,Plant_1_2023_07_03
A7,861478,WT,1,Bottom,2023_07_03,Plant_1_2023_07_03
A8,834625,WT,1,Bottom,2023_07_03,Plant_1_2023_07_03
A9,958959,WT,2,Top,2023_07_03,Plant_2_2023_07_03
A10,1067914,WT,2,Top,2023_07_03,Plant_2_2023_07_03
A11,1042297,WT,2,Top,2023_07_03,Plant_2_2023_07_03
A12,779746,WT,2,Top,2023_07_03,Plant_2_2023_07_03
B1,906923,WT,2,Bottom,2023_07_03,Plant_2_2023_07_03
B2,799108,WT,2,Bottom,2023_07_03,Plant_2_2023_07_03
B3,755755,WT,2,Bottom,2023_07_03,Plant_2_2023_07_03
B4,847797,WT,2,Bottom,2023_07_03,Plant_2_2023_07_03
B5,844598,WT,3,Top,2023_07_03,Plant_3_2023_07_03
B6,491939,WT,3,Top,2023_07_03,Plant_3_2023_07_03
B7,818833,WT,3,Top,2023_07_03,Plant_3_2023_07_03
B8,762390,WT,3,Top,2023_07_03,Plant_3_2023_07_03
B9,696827,WT,3,Bottom,2023_07_03,Plant_3_2023_07_03
B10,601882,WT,3,Bottom,2023_07_03,Plant_3_2023_07_03
B11,728571,WT,3,Bottom,2023_07_03,Plant_3_2023_07_03
B12,676993,WT,3,Bottom,2023_07_03,Plant_3_2023_07_03
C1,1085681,WT,4,Top,2023_07_03,Plant_4_2023_07_03
C2,1406056,WT,4,Top,2023_07_03,Plant_4_2023_07_03
C3,1374848,WT,4,Top,2023_07_03,Plant_4_2023_07_03
C4,1279202,WT,4,Top,2023_07_03,Plant_4_2023_07_03
C5,693712,WT,4,Bottom,2023_07_03,Plant_4_2023_07_03
C6,626156,WT,4,Bottom,2023_07_03,Plant_4_2023_07_03
C7,656001,WT,4,Bottom,2023_07_03,Plant_4_2023_07_03
C8,547393,WT,4,Bottom,2023_07_03,Plant_4_2023_07_03
C9,1133933,WT,5,Top,2023_07_03,Plant_5_2023_07_03
C10,889579,WT,5,Top,2023_07_03,Plant_5_2023_07_03
C11,899864,WT,5,Top,2023_07_03,Plant_5_2023_07_03
C12,804815,WT,5,Top,2023_07_03,Plant_5_2023_07_03
D1,1023103,WT,5,Bottom,2023_07_03,Plant_5_2023_07_03
D2,660948,WT,5,Bottom,2023_07_03,Plant_5_2023_07_03
D3,952418,WT,5,Bottom,2023_07_03,Plant_5_2023_07_03
D4,691200,WT,5,Bottom,2023_07_03,Plant_5_2023_07_03
D5,1025529,WT,6,Top,2023_07_03,Plant_6_2023_07_03
D6,696486,WT,6,Top,2023_07_03,Plant_6_2023_07_03
D7,820976,WT,6,Top,2023_07_03,Plant_6_2023_07_03
D8,643886,WT,6,Top,2023_07_03,Plant_6_2023_07_03
D9,526484,WT,6,Bottom,2023_07_03,Plant_6_2023_07_03
D10,657491,WT,6,Bottom,2023_07_03,Plant_6_2023_07_03
D11,594792,WT,6,Bottom,2023_07_03,Plant_6_2023_07_03
D12,538833,WT,6,Bottom,2023_07_03,Plant_6_2023_07_03
E1,1107176,WT,7,Top,2023_07_03,Plant_7_2023_07_03
E2,999279,WT,7,Top,2023_07_03,Plant_7_2023_07_03
E3,635113,WT,7,Top,2023_07_03,Plant_7_2023_07_03
E4,908139,WT,7,Top,2023_07_03,Plant_7_2023_07_03
E5,530126,WT,7,Bottom,2023_07_03,Plant_7_2023_07_03
E6,616610,WT,7,Bottom,2023_07_03,Plant_7_2023_07_03
E7,733969,WT,7,Bottom,2023_07_03,Plant_7_2023_07_03
E8,599521,WT,7,Bottom,2023_07_03,Plant_7_2023_07_03
E9,1034294,WT,8,Top,2023_07_03,Plant_8_2023_07_03
E10,734560,WT,8,Top,2023_07_03,Plant_8_2023_07_03
E11,816341,WT,8,Top,2023_07_03,Plant_8_2023_07_03
E12,853160,WT,8,Top,2023_07_03,Plant_8_2023_07_03
F1,744886,WT,8,Bottom,2023_07_03,Plant_8_2023_07_03
F2,810610,WT,8,Bottom,2023_07_03,Plant_8_2023_07_03
F3,562877,WT,8,Bottom,2023_07_03,Plant_8_2023_07_03
F4,924903,WT,8,Bottom,2023_07_03,Plant_8_2023_07_03
F5,972,Leaf,1,Top,2023_07_03,Plant_1_2023_07_03
F6,923,Leaf,1,Top,2023_07_03,Plant_1_2023_07_03
F7,872,Leaf,1,Top,2023_07_03,Plant_1_2023_07_03
F8,951,Leaf,1,Top,2023_07_03,Plant_1_2023_07_03
F9,916,Leaf,1,Bottom,2023_07_03,Plant_1_2023_07_03
F10,915,Leaf,1,Bottom,2023_07_03,Plant_1_2023_07_03
F11,963,Leaf,1,Bottom,2023_07_03,Plant_1_2023_07_03
F12,977,Leaf,1,Bottom,2023_07_03,Plant_1_2023_07_03
G1,1058,Leaf,2,Top,2023_07_03,Plant_2_2023_07_03
G2,948,Leaf,2,Top,2023_07_03,Plant_2_2023_07_03
G3,1010,Leaf,2,Top,2023_07_03,Plant_2_2023_07_03
G4,1038,Leaf,2,Top,2023_07_03,Plant_2_2023_07_03
