,xs,EHA105,GV3101,best
0,5.0,31848.586310330396,1529.1094847284596,516.035768018073
1,5.195195195195195,22103.995209480658,1183.250620519203,414.2380311308116
2,5.39039039039039,15752.125039209634,932.7818834971032,337.85588322377873
3,5.585585585585585,11494.52202027524,747.6582362123307,279.51156287290445
4,5.7807807807807805,8568.097138977624,608.295294117847,234.2222424311454
5,5.975975975975976,6510.494132704842,501.62401203884133,198.55083765320344
6,6.171171171171171,5033.71485177769,418.7350885389788,170.08054846537732
7,6.366366366366366,3953.7968466445004,353.4356298044867,147.08194812652485
8,6.561561561561561,3150.5019279729313,301.3436030501426,128.2974580039975
9,6.756756756756756,2543.5720072283134,259.30723878930445,112.79902336825981
10,6.951951951951951,2078.3906309449208,225.02527541177287,99.89239688931127
11,7.147147147147146,1717.1236598719966,196.7939573059863,89.05167286392826
12,7.342342342342342,1433.128395089212,173.3355862586503,79.87380748205852
13,7.5375375375375375,1207.355652463082,153.68049035533718,72.04656274672364
14,7.732732732732733,1025.9919971080162,137.0845669908061,65.32560553531086
15,7.927927927927928,878.8884053417218,122.97088585570337,59.51794034391208
16,8.123123123123122,758.4964699308025,110.88780079382032,54.46978255795769
17,8.318318318318319,659.13757854772,100.47854300981162,50.05758402144774
18,8.513513513513512,576.493913565194,91.45890060907034,46.18132271096764
19,8.70870870870871,507.2493627545353,83.60066122941728,42.75943652838362
20,8.903903903903903,448.8331167039219,76.71920800201754,39.72496339224969
21,9.0990990990991,399.2345014671372,70.66414027611164,37.02257505180558
22,9.294294294294293,356.8678207316879,65.31211909507012,34.606279150911575
23,9.48948948948949,320.47270318635685,60.56136435932963,32.43762530810613
24,9.684684684684685,289.03992642617226,56.32738910468812,30.484294477579404
25,9.87987987987988,261.75570575775464,52.53966816521638,28.71898205512031
26,10.075075075075075,237.95949376316966,49.13901819068743,27.11850777787826
27,10.27027027027027,217.111755119255,46.07552331767089,25.663101959320702
28,10.465465465465465,198.76916956976876,43.30688239802044,24.335829745046947
29,10.66066066066066,182.56541144370394,40.79708413714662,23.12212408862605
30,10.855855855855856,168.1961481345227,38.51533895823501,22.009404887115032
31,11.05105105105105,155.40725402562109,36.43521310874202,20.986766792978795
32,11.246246246246246,143.98549229043354,34.53392303186307,20.04472206962662
33,11.441441441441441,133.7511035200204,32.79175745694246,19.174987797256563
34,11.636636636636636,124.55187712660238,31.19160182267406,18.37030899383013
35,11.831831831831831,116.25838284089218,29.718545117255548,17.624310961171442
36,12.027027027027026,108.76011516433299,28.35955342472187,16.931375522707775
37,12.222222222222221,101.96236031892275,27.10319771812716,16.286536879631534
38,12.417417417417417,95.7836380449707,25.939425968496163,15.68539364537141
39,12.612612612612612,90.15360312970088,24.859371615008445,15.124034276218817
40,12.807807807807807,85.01131642232039,23.855191995133943,14.598973638134277
41,13.003003003003002,80.30381421750046,22.919931560149358,14.107098866132082
42,13.198198198198197,75.98491967851557,22.04740567493694,13.645623006154038
43,13.393393393393392,72.01425146810894,21.2321015770495,13.212045197652358
44,13.588588588588587,68.35639373845781,20.469093691499324,12.804116371863497
45,13.783783783783782,64.98019868567731,19.75397099752982,12.419809616583379
46,13.978978978978978,61.85819843987869,19.082774547244036,12.057294501438495
47,14.174174174174173,58.96610747317212,18.451943563205468,11.714914774687916
48,14.36936936936937,56.282400220053006,17.858268808469667,11.391168938612072
49,14.564564564564565,53.78795141265201,17.29885214009098,11.084693289597203
50,14.75975975975976,51.465728887769295,16.771071335543056,10.79424707433099
51,14.954954954954955,49.300530439831384,16.27254942826295,10.518699467652953
52,15.15015015015015,47.278757764355504,15.801127909690047,10.257018122609827
53,15.345345345345345,45.38822173080528,15.354843255517086,10.008259080803919
54,15.54054054054054,43.617974197237,14.931906317240117,9.77155786252518
55,15.735735735735735,41.95816237546666,14.530684189571657,9.54612158250374
56,15.93093093093093,40.39990240908765,14.149684222353063,9.33122195928626
57,16.126126126126124,38.935169364887095,13.787539894280439,9.126189104939941
58,16.32132132132132,37.556701282824655,13.442998306676923,8.930405997606798
59,16.516516516516518,36.25791529816548,13.114909090032812,8.74330355284595
60,16.71171171171171,35.032834155569674,12.802214545180707,8.564356221107197
61,16.906906906906904,33.87602169018233,12.503940865666648,8.393078048399406
62,17.1021021021021,32.78252606412646,12.21919030885165,8.229019145521129
63,17.2972972972973,31.747829725636773,11.947134201135036,8.071762518330646
64,17.49249249249249,30.767805208374575,11.687006677930016,7.920921217634097
65,17.687687687687685,29.838676015109957,11.438099072056865,7.77613577251746
66,17.882882882882882,28.95698193694263,11.199754875393209,7.637071875470459
67,18.07807807807808,28.119548249828416,10.971365208220746,7.503418291555761
68,18.273273273273272,27.323458307081083,10.752364738972426,7.374884967256359
69,18.468468468468465,26.566029111948986,10.542228004214085,7.2512013175642585
70,18.663663663663662,25.84478951016084,10.340466084857654,7.13211467241881
71,18.85885885885886,25.15746069001881,10.146623599941046,7.017388865818404
72,19.054054054054053,24.501938718456618,9.960275983941802,6.906802952860548
73,19.249249249249246,23.87627887653141,9.781027017618516,6.800150041652368
74,19.444444444444443,23.278681587962193,9.608506585881152,6.697236228509498
75,19.63963963963964,22.707479760304032,9.442368639251264,6.597879626154832
76,19.834834834834833,22.161127380774754,9.282289338147331,6.501909475764126
77,20.030030030030026,21.6381892281521,9.127965361571656,6.409165334703877
78,20.225225225225223,21.137331578973107,8.979112363828156,6.319496332686061
79,20.42042042042042,20.657313800865083,8.835463564703392,6.232760489839854
80,20.615615615615614,20.196980738534116,8.696768460129379,6.148824090885322
81,20.81081081081081,19.755255808998626,8.562791641743994,6.067561110200069
82,21.006006006006004,19.33113473230912,8.433311714997867,5.9888526831065665
83,21.2012012012012,18.92367983243387,8.308120306546009,5.9125866191839895
84,21.396396396396394,18.532014850378992,8.187021152626611,5.838656953831488
85,21.59159159159159,18.15532021809032,8.069829260983697,5.766963534685905
86,21.786786786786784,17.79282874737571,7.956370139648405,5.697411639832233
87,21.98198198198198,17.443821693091053,7.846479086567259,5.629911625043823
88,22.177177177177175,17.107625154243756,7.740000534665093,5.564378597556314
89,22.37237237237237,16.783606780556173,7.63678744746415,5.500732114117781
90,22.567567567567565,16.47117275546893,7.5367007608571415,5.438895901271201
91,22.762762762762762,16.169765029602985,7.439608867057309,5.378797596016698
92,22.957957957957955,15.878858781393204,7.345387137128862,5.32036850517277
93,23.153153153153152,15.597960083993916,7.253917478841554,5.2635433819099084
94,23.348348348348345,15.326603759679283,7.165087926898374,5.20826021806877
95,23.543543543543542,15.064351404847127,7.0787922628589754,5.154460050999843
96,23.73873873873874,14.810789570415574,6.994929662327591,5.102086783774166
97,23.933933933933933,14.565528083898746,6.913404367195133,5.051087017716066
98,24.12912912912913,14.328198500784811,6.834125380924444,5.001409896300596
99,24.324324324324323,14.098452674034144,6.7570061850470085,4.953006959541221
100,24.51951951951952,13.875961431583875,6.681964475201283,4.905832008068227
101,24.714714714714713,13.660413352702253,6.608921915189033,4.859840976166303
102,24.90990990990991,13.451513634894464,6.53780390765808,4.814991813101225
103,25.105105105105103,13.24898304383187,6.468539380139542,4.77124437212153
104,25.3003003003003,13.052556939468788,6.401060585275755,4.72856030657173
105,25.495495495495494,12.861984372133636,6.335302914173387,4.68690297259979
106,25.69069069069069,12.677027242941795,6.2712047219051295,4.646237337983571
107,25.885885885885884,12.49745952338315,6.208707164264406,4.60652989663911
108,26.08108108108108,12.323066529392808,6.147754044950905,4.567748588408528
109,26.276276276276274,12.153644245625754,6.088291672431742,4.529862723757073
110,26.47147147147147,11.988998696028004,6.030268725783888,4.492842913037863
111,26.666666666666664,11.828945357133964,5.973636128879067,4.456661000009382
112,26.86186186186186,11.673308610824513,5.918346932322886,4.421289999315068
113,27.057057057057055,11.521921233557096,5.864356202606266,4.386704037656465
114,27.25225225225225,11.374623919329705,5.8116209179693525,4.352878298411784
115,27.447447447447445,11.231264833868819,5.760099870516819,4.31978896947034
116,27.64264264264264,11.091699197738079,5.709753574158666,4.287413194070383
117,27.837837837837835,10.955788896253207,5.660544177983084,4.255729024443576
118,28.033033033033032,10.823402114259823,5.612435384697504,4.224715378083744
119,28.228228228228225,10.69441299398742,5.565392373801199,4.194351996470795
120,28.423423423423422,10.56870131433489,5.519381729177718,4.164619406092859
121,28.618618618618616,10.44615219007338,5.474371370818367,4.135498881620953
122,28.813813813813812,10.326655789570738,5.430330490408999,4.106972411100784
123,29.009009009009006,10.210107069750569,5.387229490531755,4.079022663035818
124,29.204204204204203,10.096405527098081,5.345039927251186,4.051632955244566
125,29.399399399399396,9.985454963615943,5.303734455870693,4.024787225383098
126,29.594594594594593,9.877163266716463,5.263286779660207,3.9984700030313363
127,29.789789789789786,9.77144220211295,5.223671601370147,3.972666383248547
128,29.984984984984983,9.66820721884294,5.184864577359396,3.947362001509882
129,30.18018018018018,9.567377265620427,5.146842274177103,3.9225430099417524
130,30.375375375375373,9.468874617773185,5.109582127448916,3.8981960547792593
131,30.57057057057057,9.372624714075627,5.073062402928553,3.8743082549740153
132,30.765765765765764,9.278556002837572,5.0372621595849285,3.8508671818854068
133,30.96096096096096,9.1865997966552,5.002161214603758,3.8278608399926717
134,31.156156156156154,9.096690135272983,4.967740110190642,3.8052776485692643
135,31.35135135135135,9.00876365604416,4.933980082070041,3.7831064242647114
136,31.546546546546544,8.922759471513617,4.900863029581529,3.761336364542677
137,31.74174174174174,8.83861905367995,4.868371487281088,3.739957031927181
138,31.936936936936934,8.756286124524406,4.836488597961154,3.718958339011964
139,32.13213213213213,8.675706552422541,4.805198087008716,3.6983305341907773
140,32.327327327327325,8.596828254080853,4.77448423802584,3.678064188069013
141,32.52252252252252,8.519601101664591,4.7443318696418055,3.658150180519515
142,32.71771771771772,8.443976834805694,4.714726313450498,3.6385796883476873
143,32.912912912912915,8.369908977200316,4.685653393010801,3.6193441735331406
144,33.108108108108105,8.297352757524818,4.657099403851625,3.600435372017075
145,33.3033033033033,8.226265034416892,4.629051094426761,3.5818452830064738
146,33.49849849849849,8.156604225285003,4.601495647968144,3.5635661587678684
147,33.69369369369369,8.088330238724781,4.5744206651891535,3.5455904948850696
148,33.888888888888886,8.021404410335181,4.547814147792593,3.5279110209567506
149,34.08408408408408,7.9557894417405794,4.521664482740597,3.5105206917111826
150,34.27927927927928,7.891449342637158,4.495960427246344,3.4934126785167297
151,34.474474474474476,7.828349375693579,4.470691094449769,3.476580361267947
152,34.669669669669666,7.766456004146436,4.445845939741712,3.4600173206282694
153,34.86486486486486,7.70573684194102,4.421414747702993,3.443717330611382
154,35.06006006006005,7.646160606277148,4.3973876196268735,3.4276743514843413
155,35.25525525525525,7.587697072428361,4.373754961595134,3.411882522976481
156,35.45045045045045,7.530317030711013,4.3505074730797535,3.3963361577790474
157,35.645645645645644,7.473992245487,4.327636136043706,3.3810297353212913
158,35.84084084084084,7.41869541609113,4.305132204515943,3.365957895809589
159,36.03603603603604,7.364400139580535,4.282987194616991,3.351115434516849
160,36.23123123123123,7.311080875209627,4.261192875012909,3.3364972963101835
161,36.426426426426424,7.258712910539823,4.239741257776605,3.3220985704054615
162,36.62162162162162,7.207272329098645,4.218624589636646,3.3079144853379776
163,36.81681681681681,7.156735979507683,4.197835343594783,3.2939404041390294
164,37.01201201201201,7.107081446003647,4.177366210894445,3.2801718197087597
165,37.207207207207205,7.058287020281099,4.157210093323409,3.2666043503761184
166,37.4024024024024,7.010331674589487,4.137360095834748,3.253233735637262
167,37.5975975975976,6.963195036021035,4.117809519471022,3.240055832064191
168,37.79279279279279,6.916857361929519,4.098551854577447,3.2270666093758265
169,37.987987987987985,6.871299516423404,4.0795807742905685,3.2142621466641392
170,38.18318318318318,6.826502947879982,4.060890128289652,3.2016386287683174
171,38.37837837837838,6.782449667430033,4.04247393679864,3.1891923427903173
172,38.57357357357357,6.739122228365415,4.0243263848272175,3.1769196747454793
173,38.768768768768766,6.696503706424529,4.006441816640061,3.1648171063422104
174,38.96396396396396,6.654577680913111,3.988814730443945,3.15288121188503
175,39.15915915915916,6.613328216620057,3.9714397732828703,3.1411086552955556
176,39.35435435435435,6.572739846490205,3.954311736131908,3.1294961872462923
177,39.549549549549546,6.532797555018026,3.937425549180902,3.1180406424023106
178,39.74474474474474,6.493486762328076,3.9207762772996246,3.1067389367661695
179,39.93993993993994,6.454793308909884,3.904359115676393,3.0955880651216474
180,40.13513513513513,6.416703440976665,3.888169385622552,3.084585098572061
181,40.33033033033033,6.379203796418816,3.872202530535603,3.073727182169162
182,40.525525525525524,6.342281391324709,3.8564541120141094,3.063011532628782
183,40.72072072072072,6.305923607042663,3.8409198061178507,3.0524354361295964
184,40.91591591591591,6.270118177759374,3.8255953997669954,3.041996246191518
185,41.11111111111111,6.234853178571309,3.8104767872743883,3.031691381630433
186,41.306306306306304,6.200117014026791,3.7955599670053046,3.021518324586119
187,41.5015015015015,6.165898407117607,3.7808410381593167,3.01147461862034
188,41.69669669669669,6.132186388700036,3.766316197669143,3.0015578668822473
189,41.89189189189189,6.09897028732625,3.7519817372116244,2.991765730338367
190,42.087087087087085,6.066239719467893,3.7378340403261743,2.982095926064546
191,42.28228228228228,6.033984580114641,3.7238695796362737,2.972546225597377
192,42.47747747747748,6.002195033731334,3.7100849141697934,2.9631144533427247
193,42.67267267267267,5.970861505558094,3.6964766867741097,2.9537984850390773
194,42.867867867867865,5.939974673238583,3.683041621622178,2.9445962462735538
195,43.06306306306306,5.909525458762324,3.669776521805888,2.935505711048504
196,43.25825825825826,5.879505020707608,3.6566782670131994,2.926524900396711
197,43.45345345345345,5.849904746772239,3.643743811285723,2.9176518810433034
198,43.648648648648646,5.8207162465799005,3.6309701808535406,2.9088847641125746
199,43.84384384384384,5.791931344750577,3.618354472044225,2.9002217038779716
200,44.03903903903904,5.7635420742239365,3.6058938492631354,2.8916608965535993
201,44.23423423423423,5.735540669825179,3.5935855430422077,2.8832005791256563
202,44.429429429429426,5.707919562063272,3.581426848154571,2.874839028222287
203,44.62462462462462,5.680671371152014,3.5694151217924484,2.8665745590203957
204,44.81981981981982,5.653788901244784,3.5575477818059023,2.858405524188038
205,45.01501501501501,5.627265134874257,3.5458223050000943,2.850330312861057
206,45.21021021021021,5.601093227588777,3.534236225488822,2.8423473496526808
207,45.4054054054054,5.575266502777445,3.5227871331022222,2.834455093694883
208,45.6006006006006,5.549778446676337,3.5114726718465574,2.8266520377103097
209,45.79579579579579,5.524622703548619,3.500290538414177,2.818936707113671
210,45.99099099099099,5.499793071031639,3.4892384807417285,2.81130765914151
211,46.186186186186184,5.4752834956444065,3.4783142966148697,2.8037634820093285
212,46.38138138138138,5.451088068449118,3.4675158323177326,2.796302794095071
213,46.57657657657657,5.427201020860732,3.4568409813254974,2.7889242431480286
214,46.77177177177177,5.403616720598774,3.446287683038504,2.7816265055222438
215,46.966966966966964,5.380329667775918,3.4358539215563804,2.77440828543355
216,47.16216216216216,5.357334491118011,3.4255377244907357,2.7672683142394026
217,47.35735735735735,5.334625944310521,3.415337161815026,2.7602053497407057
218,47.55255255255255,5.312198902466578,3.4052503447502547,2.753218175504848
219,47.747747747747745,5.290048358711967,3.3952754246852295,2.7463056002092205
220,47.94294294294294,5.268169420882669,3.385410592130141,2.7394664570044958
221,48.13813813813813,5.246557308330692,3.3756540757022857,2.7326996028969854
222,48.33333333333333,5.225207348834145,3.36600414114279,2.726003918149416
223,48.528528528528525,5.204114975607665,3.3564590903632636,2.7193783056994993
224,48.72372372372372,5.1832757244094605,3.3470172605213206,2.712821690595679
225,48.91891891891892,5.16268523074142,3.337677023123969,2.7063330194494726
226,49.11411411411411,5.142339227138847,3.3284367831579065,2.6999112599038564
227,49.309309309309306,5.122233540546537,3.3192949782457863,2.6935554001171322
228,49.5045045045045,5.102364089778086,3.310250077827582,2.6872644482617805
229,49.6996996996997,5.082726883055359,3.301300582366159,2.6810374320377823
230,49.89489489489489,5.063318015625263,3.292445022576269,2.674873398199934
231,50.09009009009009,5.044133667451037,3.2836819586761434,2.6687714120986943
232,50.28528528528528,5.025170100975396,3.2750099796609384,2.662730557234114
233,50.48048048048048,5.006423658952956,3.266427702597303,2.6567499348224204
234,50.67567567567567,4.9878907623495055,3.257933771938347,2.6508286633748455
235,50.87087087087087,4.969567908305752,3.249526858858345,2.644965878288293
236,51.066066066066064,4.951451668163285,3.2412056606065227,2.6391607314474714
237,51.26126126126126,4.933538685550578,3.232968899879284,2.633412390838109
238,51.45645645645645,4.9158256745269355,3.2248153242102897,2.6277200401709124
239,51.65165165165165,4.898309417782384,3.216743705377792,2.622082878515908
240,51.846846846846844,4.8809867648915795,3.2087528388286666,2.6165001199468496
241,52.04204204204204,4.863854630619861,3.200841543118608,2.6109709931953646
242,52.23723723723723,4.846909993279686,3.1930086593679547,2.6054947413145357
243,52.43243243243243,4.830149893135716,3.185253050732653,2.6000706213516183
244,52.627627627627625,4.8135714308569195,3.1775736018898684,2.5946979040296116
245,52.82282282282282,4.797171766014092,3.1699692185377804,2.5893758734374046
246,53.01801801801801,4.780948115621268,3.1624388269091117,2.584103826728233
247,53.21321321321321,4.764897752719568,3.154981373297957,2.578881073826185
248,53.408408408408405,4.749018005002061,3.1475958235994903,2.5737069371405212
249,53.6036036036036,4.733306253478268,3.140281162862155,2.5685807512875467
250,53.79879879879879,4.717759931177021,3.133036394851938,2.563501862819832
251,53.99399399399399,4.702376521886397,3.1258605416283594,2.558469629962538
252,54.189189189189186,4.687153558929532,3.1187526431318124,2.5534834223566376
253,54.38438438438438,4.672088623975118,3.1117117567819044,2.5485426208088313
254,54.57957957957957,4.657179345881485,3.1047369570864616,2.543646617047945
255,54.77477477477477,4.642423399573158,3.097827335260871,2.5387948134876255
256,54.969969969969966,4.627818504948863,3.090981998857447,2.5339866229951418
257,55.16516516516516,4.613362425819962,3.0842000714045157,2.5292214686661074
258,55.36036036036036,4.599052968878345,3.0774806920549254,2.524498783604962
259,55.55555555555555,4.584887982692846,3.070823015243701,2.5198180107110253
260,55.75075075075075,4.570865356733282,3.064226210354565,2.51517860246997
261,55.945945945945944,4.556983020421235,3.057689461395067,2.5105800207505595
262,56.14114114114114,4.543238942206744,3.051211966680057,2.506021736606486
263,56.33633633633633,4.529631128670094,3.0447929385232606,2.5015032300831685
264,56.53153153153153,4.5161576236479215,3.038431602936724,2.4970239900293647
265,56.726726726726724,4.502816507382877,3.0321271993378818,2.4925835139134653
266,56.92192192192192,4.48960589569612,3.025878980264039,2.488181307644325
267,57.11711711711711,4.47652393918195,3.019686211094045,2.4838168853965095
268,57.31231231231231,4.463568822423876,3.0135481697769535,2.479489769439827
269,57.507507507507505,4.450738763231491,3.0074641465674614,2.4751994899730354
270,57.7027027027027,4.438032011897501,3.0014334437679366,2.4709455849615862
271,57.89789789789789,4.425446850474322,2.9954553754768476,2.4667275999793157
272,58.09309309309309,4.4129815920696105,2.9895292673434004,2.462545088053951
273,58.288288288288285,4.4006345801602125,2.9836544563282237,2.4583976095163407
274,58.48348348348348,4.388404187923941,2.9778302904699148,2.454284731853302
275,58.67867867867867,4.376288817588659,2.9720561286572877,2.450206029563977
276,58.87387387387387,4.364286899798161,2.966331340407167,2.4461610840196144
277,59.069069069069066,4.352396892994354,2.9606553056475615,2.4421494833266686
278,59.26426426426426,4.340617282815245,2.9550274145060786,2.4381708221931397
279,59.45945945945945,4.328946581508294,2.9494470671034247,2.4342247017980547
280,59.65465465465465,4.317383327358654,2.9439136733518567,2.430310729664006
281,59.849849849849846,4.305926084131896,2.938426652758445,2.4264285195326747
282,60.04504504504504,4.294573440530759,2.9329854342330113,2.422577691243245
283,60.24024024024023,4.28332400966557,2.92758945590063,2.4187578706136375
284,60.43543543543543,4.272176428537884,2.922238164918542,2.414968689324491
285,60.63063063063063,4.261129357537013,2.9169310172973857,2.4112097848058096
286,60.825825825825824,4.25018147994904,2.9116674777266103,2.407480800126212
287,61.021021021021014,4.239331501477989,2.9064470194039735,2.4037813838847115
288,61.21621621621621,4.228578149778779,2.901269123868998,2.4001111901049583
289,61.41141141141141,4.2179201740016605,2.8961332808402944,2.3964698781318843
290,61.606606606606604,4.207356344347776,2.89103898805664,2.392857112530679
291,61.8018018018018,4.19688545163556,2.8859857511217104,2.3892725629880465
292,61.99699699699699,4.186506306877663,2.8809730833523783,2.385715904215675
293,62.19219219219219,4.176217740868104,2.876000505630475,2.3821868158558663
294,62.387387387387385,4.166018603779377,2.8710675462579243,2.3786849823892684
295,62.58258258258258,4.155907764769226,2.8661737408151673,2.375210093044656
296,62.77777777777777,4.145884111596826,2.861318632022783,2.3717618417107094
297,62.97297297297297,4.135946550248113,2.85650176960623,2.368339926849735
298,63.168168168168165,4.126094004570017,2.8517227101636196,2.3649440514132873
299,63.36336336336336,4.116325415913335,2.846981017036449,2.361573922759634
300,63.55855855855855,4.106639742784034,2.8422762601832163,2.3582292525730213
301,63.75375375375375,4.09703596050275,2.837608016055838,2.354909756784701
302,63.948948948948946,4.087513060872242,2.832975867478805,2.3516151554956597
303,64.14414414414415,4.078070051852614,2.828379403531005,2.348345172901028
304,64.33933933933933,4.068705957244082,2.8238182194301396,2.3450995372161056
305,64.53453453453453,4.0594198163770825,2.8192919164196697,2.3418779806039796
306,64.72972972972973,4.05021068380954,2.8148001016582387,2.3386802391046886
307,64.92492492492492,4.041077629031093,2.8103423881114904,2.3355060525658957
308,65.1201201201201,4.032019736174087,2.805918394446237,2.3323551645750333
309,65.3153153153153,4.023036103731187,2.8015277449269136,2.329227322392882
310,65.5105105105105,4.014125844279394,2.7971700693142614,2.3261222768885537
311,65.7057057057057,4.005288084210339,2.792845002766184,2.3230397824758393
312,65.9009009009009,3.9965219634666513,2.7885521857407225,2.3199795970508887
313,66.09609609609609,3.9878266352842813,2.7842912639011073,2.3169414819311944
314,66.29129129129129,3.979201265940591,2.7800618880228125,2.3139252017958416
315,66.48648648648648,3.9706450345080917,2.7758637139025892,2.3109305246270018
316,66.68168168168168,3.9621571326136595,2.7716964022694155,2.30795722165263
317,66.87687687687688,3.9537367642030996,2.767559618697316,2.3050050672903506
318,67.07207207207207,3.9453831453109287,2.7634530335200123,2.3020738390924853
319,67.26726726726727,3.937095503835233,2.7593763217473546,2.2991633176922153
320,67.46246246246245,3.9288730793174707,2.7553291629834953,2.2962732867508406
321,67.65765765765765,3.9207151227271053,2.7513112413467566,2.293403532906103
322,67.85285285285285,3.9126208962509406,2.7473222453911617,2.2905538457215697
323,68.04804804804805,3.904589673087043,2.74336186802958,2.287724017637031
324,68.24324324324324,3.8966207372431256,2.73942980645845,2.2849138439198975
325,68.43843843843842,3.8887133833393026,2.7355257620840523,2.282123122617578
326,68.63363363363362,3.8808669164150817,2.731649440450277,2.279351654510805
327,68.82882882882882,3.8730806517405156,2.7278005511678693,2.2765992430678925
328,69.02402402402402,3.8653539146313847,2.7239788078451093,2.2738656943999067
329,69.21921921921921,3.857686040268322,2.7201839280198894,2.271150817216722
330,69.41441441441441,3.8500763735198005,2.7164156330931672,2.268454422783944
331,69.6096096096096,3.842524268768847,2.712673648263749,2.2657763248806853
332,69.8048048048048,3.8350290897434416,2.708957702464386,2.263116339758168
333,70.0,3.827590209350474,2.7052675282991414,2.2604742860991345
334,70.1951951951952,3.820207009513188,2.701602861982006,2.2578499849780536
335,70.39039039039038,3.812878881012028,2.697963443276733,2.255243259822101
336,70.58558558558558,3.805605223328807,2.6943490154378607,2.252653936372891
337,70.78078078078077,3.7983854444941056,2.6907593251528996,2.2500818426489535
338,70.97597597597597,3.7912189609378473,2.687194122485654,2.247526808908934
339,71.17117117117117,3.7841051973429436,2.683653160820658,2.2449886676154973
340,71.36636636636636,3.777043586501966,2.680136196808691,2.2424672533999224
341,71.56156156156156,3.77003356917675,2.67664299031336,2.2399624030273793
342,71.75675675675676,3.7630745939608787,2.6731733043587154,2.2374739553628586
343,71.95195195195194,3.7561661171449687,2.669726905077882,2.2350017513377556
344,72.14714714714714,3.7493076025846874,2.66630356166268,2.232545633917079
345,72.34234234234233,3.7424985215714592,2.662903046314217,2.2301054480672855
346,72.53753753753753,3.7357383527057744,2.659525134194426,2.2276810407247134
347,72.73273273273273,3.729026581773047,2.6561696033785305,2.225272260764612
348,72.92792792792793,3.7223627016219756,2.6528362348084142,2.2228789589707487
349,73.12312312312312,3.7157462120453295,2.6495248122468795,2.2205009880055813
350,73.31831831831832,3.709176619663116,2.646235122232772,2.2181382023809855
351,73.5135135135135,3.702653437808077,2.642966954036948,2.215790458429527
352,73.7087087087087,3.696176186413445,2.6397200996190806,2.2134576142762596
353,73.9039039039039,3.689744391902931,2.6364943535852676,2.211139529811048
354,74.09909909909909,3.683357587082873,2.633289513146437,2.2088360666613944
355,74.29429429429429,3.677015311036504,2.63010537807753,2.2065470881657645
356,74.48948948948949,3.6707171090202935,2.626941750677442,2.2042724593474015
357,74.68468468468468,3.6644625323623123,2.6237984357297064,2.2020120468886146
358,74.87987987987988,3.6582511383625773,2.6206752404639073,2.199765719105537
359,75.07507507507508,3.6520824901953306,2.6175719745178014,2.197533345923337
360,75.27027027027026,3.6459561568132077,2.6144884499001413,2.195314798851879
361,75.46546546546546,3.639871712853257,2.6114244809541742,2.1931099509618224
362,75.66066066066065,3.633828738544769,2.6083798843218142,2.190918676861149
363,75.85585585585585,3.6278268196188703,2.605354478908463,2.188740852672109
364,76.05105105105105,3.6218655472198464,2.6023480858484733,2.1865763560085796
365,76.24624624624624,3.615944517818159,2.5993605284712364,2.184425065953826
366,76.44144144144144,3.610063333125112,2.5963916322678835,2.182286863038659
367,76.63663663663664,3.604221600009142,2.593441224858587,2.180161629219973
368,76.83183183183182,3.5984189304136813,2.5905091359604495,2.1780492478596685
369,77.02702702702702,3.5926549412765767,2.5875951973559674,2.175949603703943
370,77.22222222222221,3.5869292544510207,2.5846992428620603,2.1738625828629448
371,77.41741741741741,3.58124149662796,2.5818211082996485,2.171788072790783
372,77.61261261261261,3.5755912992599583,2.5789606314637754,2.1697259622658867
373,77.8078078078078,3.5699782984864754,2.5761176520942555,2.167676141371703
374,78.003003003003,3.5644021350605306,2.573292011846841,2.1656385014777344
375,78.1981981981982,3.5588624542767318,2.5704835542649027,2.1636129352209004
376,78.39339339339338,3.553358905900627,2.567692124751599,2.16159933648722
377,78.58858858858858,3.5478911440993555,2.564917570542536,2.1595976003938135
378,78.78378378378378,3.542458827373582,2.5621597406789136,2.157607623271209
379,78.97897897897897,3.537061618490664,2.5594184859811224,2.1556293026459525
380,79.17417417417417,3.531699184419049,2.556693659022816,2.153662537223515
381,79.36936936936937,3.526371196263861,2.553985114105423,2.151707226871492
382,79.56456456456456,3.5210773292036572,2.5512927072331006,2.149763272603083
383,79.75975975975976,3.5158172624283304,2.5486162960881233,2.1478305765608554
384,79.95495495495496,3.5105906790781307,2.5459557400066912,2.145909042000781
385,80.15015015015014,3.5053972661837864,2.543310899955152,2.1439985732765416
386,80.34534534534534,3.5002367146076976,2.540681638506635,2.1420990758240928
387,80.54054054054053,3.4951087189861836,2.538067819818074,2.140210456146494
388,80.73573573573573,3.490012977672761,2.535469309607633,2.138332621798988
389,80.93093093093093,3.4849491926824334,2.5328859751325,2.136465481374326
390,81.12612612612612,3.4799170696369623,2.530317685167071,2.134608944488342
391,81.32132132132132,3.4749163177111186,2.527764309981488,2.13276292176576
392,81.51651651651652,3.4699466495798714,2.5252257213205502,2.1309273248262426
393,81.7117117117117,3.465007781366514,2.52270179238297,2.1291020662706615
394,81.9069069069069,3.4600994325916963,2.5201923978009786,2.1272870596675983
395,82.1021021021021,3.4552213261233518,2.5176974136202723,2.125482219540067
396,82.29729729729729,3.4503731881274993,2.5152167172802953,2.1236874613524495
397,82.49249249249249,3.4455547480198967,2.512750187594842,2.1219027014976484
398,82.68768768768768,3.440765738418541,2.510297704732987,2.120127857284446
399,82.88288288288288,3.436005895096983,2.507859150200328,2.1183628469250673
400,83.07807807807808,3.4312749569384593,2.5054344068205348,2.116607589522947
401,83.27327327327326,3.4265726658908,2.503023358717207,2.1148620050606923
402,83.46846846846846,3.421898766922122,2.5006258912960195,2.1131260143882376
403,83.66366366366366,3.417253007977279,2.4982418912271718,2.111399539211192
404,83.85885885885885,3.4126351399350523,2.495871246428111,2.109682502079374
405,84.05405405405405,3.408044916566075,2.4935138460465436,2.1079748263755236
406,84.24924924924925,3.4034820944914657,2.4911695804437195,2.106276436304199
407,84.44444444444444,3.398946433142171,2.4888383411779866,2.10458725688085
408,84.63963963963964,3.394437694718989,2.4865200209886087,2.102907213921061
409,84.83483483483482,3.3899556441532694,2.4842145137798486,2.101236234029967
410,85.03003003003002,3.3855000490682743,2.4819217146053005,2.099574244591833
411,85.22522522522522,3.381070679741186,2.4796415196524766,2.0979211737598016
412,85.42042042042041,3.376667309065752,2.477373826227637,2.0962769504457976
413,85.61561561561561,3.3722897125155518,2.4751185327408662,2.094641504310592
414,85.8108108108108,3.367937668107874,2.4728755386913805,2.093014765754021
415,86.006006006006,3.363610956368197,2.4706447446530686,2.0913966659053567
416,86.2012012012012,3.359309360295252,2.468426052260267,2.089787136613827
417,86.3963963963964,3.355032665326667,2.4662193641937504,2.0881861104392847
418,86.59159159159158,3.350780659305176,2.46402458416695,2.0865935206430164
419,86.78678678678678,3.3465531324453788,2.4618416169123836,2.0850093011786957
420,86.98198198198197,3.3423498773010545,2.4596703681682954,2.0834333866834767
421,87.17717717717717,3.338170688733,2.4575107446655142,2.0818657124692206
422,87.37237237237237,3.3340153638773957,2.4553626541145026,2.0803062145138584
423,87.56756756756756,3.3298837021146888,2.4532260051926182,2.0787548294528864
424,87.76276276276276,3.325775505038977,2.451100707531566,2.0772114945709865
425,87.95795795795796,3.3216905764278875,2.4489866717050464,2.0756761477937817
426,88.15315315315314,3.317628722212947,2.4468838092165934,2.0741487276797077
427,88.34834834834834,3.3135897504504195,2.4447920324875985,2.072629173412012
428,88.54354354354354,3.309573471292623,2.4427112548455217,2.0711174247908746
429,88.73873873873873,3.305579696959697,2.440641390512278,2.0696134222256437
430,88.93393393393393,3.3016082417118238,2.4385823545928034,2.0681171067271884
431,89.12912912912913,3.2976589218218937,2.4365340630637946,2.066628419900369
432,89.32432432432432,3.2937315555486033,2.434496432762622,2.0651473039366164
433,89.51951951951952,3.2898259631099793,2.432469381376404,2.0636737016066222
434,89.7147147147147,3.285941966657323,2.430452827431255,2.062207556253139
435,89.9099099099099,3.2820793902495633,2.4284466902816875,2.0607488117838866
436,90.1051051051051,3.2782380598280163,2.426450890100178,2.059297412664561
437,90.3003003003003,3.27441780319154,2.4244653478668896,2.057853303911951
438,90.49549549549549,3.2706184499720745,2.422489985359545,2.0564164310871513
439,90.69069069069069,3.26683983161057,2.420524725143454,2.0549867402888777
440,90.88588588588588,3.2630817813332844,2.4185694905616875,2.053564178146881
441,91.08108108108108,3.2593441341284564,2.4166242057253977,2.052148691815453
442,91.27627627627626,3.25562672672333,2.4146887955042824,2.0507402289670322
443,91.47147147147146,3.2519293975615424,2.4127631855171896,2.049338737785899
444,91.66666666666666,3.248251986780861,2.4108473021228614,2.0479441669619645
445,91.86186186186185,3.2445943361912564,2.408941072410814,2.0465564656846458
446,92.05705705705705,3.2409562892533184,2.407044424192347,2.045175583636835
447,92.25225225225225,3.2373376910569998,2.405157285991696,2.043801470988947
448,92.44744744744744,3.233738388300686,2.4032795870372987,2.042434078393067
449,92.64264264264264,3.230158229270581,2.401411257253203,2.0410733569771593
450,92.83783783783784,3.2265970638204124,2.3995522272505885,2.0397192583393857
451,93.03303303303302,3.223054743351438,2.3977024283194175,2.038371734542483
452,93.22822822822822,3.219531120792759,2.3958617924202086,2.03703073810823
453,93.42342342342342,3.216026050581929,2.394030252175919,2.0356962220119965
454,93.61861861861861,3.212539388645856,2.3922077408639573,2.0343681396773605
455,93.81381381381381,3.209070992381989,2.390394192408298,2.033046444970807
456,94.009009009009,3.205620720639792,2.38858954137172,2.031731092196503
457,94.2042042042042,3.202188433702485,2.386793722948149,2.0304220360911414
458,94.3993993993994,3.19877399326907,2.385006672955111,2.029119231818859
459,94.59459459459458,3.1953772624366166,2.383228327826296,2.0278226349662285
460,94.78978978978978,3.1919981056828086,2.3814586246042215,2.026532201537317
461,94.98498498498498,3.188636388848759,2.3796975009330095,2.0252478879488147
462,95.18018018018017,3.185291979122068,2.3779448950512525,2.0239696510252307
463,95.37537537537537,3.18196474502014,2.3762007457849923,2.022697447994157
464,95.57057057057057,3.1786545563737363,2.3744649925407906,2.021431236481596
465,95.76576576576576,3.1753612843107804,2.3727375752989004,2.020170974507356
466,95.96096096096096,3.1720848012403917,2.371018434606531,2.018916620480504
467,96.15615615615614,3.1688249808371554,2.369307511571207,2.017668133194889
468,96.35135135135134,3.1655816980256235,2.367604747854221,2.016425471824719
469,96.54654654654654,3.1623548289650385,2.3659100856641793,2.0151885959202067
470,96.74174174174173,3.1591442510342786,2.3642234677506333,2.0139574654032657
471,96.93693693693693,3.1559498428170243,2.3625448373978,2.012732040563272
472,97.13213213213213,3.152771484087136,2.3608741384183745,2.0115122820528817
473,97.32732732732732,3.1496090557942416,2.3592113151474177,2.010298150883903
474,97.52252252252252,3.1464624400495356,2.357556312436339,2.0090896084232277
475,97.7177177177177,3.143331520111779,2.3559090756469545,2.007886616388816
476,97.9129129129129,3.1402161803734945,2.3542695506456295,2.0066891368457327
477,98.1081081081081,3.1371163063473744,2.352637683797501,2.0054971322022435
478,98.3033033033033,3.1340317846528603,2.351013421960777,2.004310565205956
479,98.49849849849849,3.1309625030029355,2.349396712481115,2.0031293989400187
480,98.69369369369369,3.127908350191087,2.34778750318608,2.0019535968193662
481,98.88888888888889,3.124869216078462,2.3461857423796695,2.000783122587017
482,99.08408408408408,3.121844991581205,2.34459137883692,1.9996179403104215
483,99.27927927927928,3.118835568657967,2.3430043617985836,1.9984580143778548
484,99.47447447447446,3.1158408402976008,2.341424640965877,1.99730330949486
485,99.66966966966966,3.1128607005070172,2.3398521664952985,1.9961537906807396
486,99.86486486486486,3.1098950442992184,2.3382868889935176,1.9950094232650903
487,100.06006006006005,3.1069437676815,2.3367287595123316,1.9938701728843844
488,100.25525525525525,3.1040067676438095,2.3351777295436897,1.9927360054785974
489,100.45045045045045,3.1010839421472745,2.333633751014784,1.9916068872878796
490,100.64564564564564,3.0981751901128867,2.332096776283202,1.9904827848492677
491,100.84084084084084,3.0952804114103407,2.3305667581321527,1.9893636649934456
492,101.03603603603602,3.092399506847031,2.3290436497657434,1.988249494841542
493,101.23123123123122,3.089532378157198,2.3275274048043273,1.987140241801972
494,101.42642642642642,3.086678927991224,2.326017977279911,1.9860358735673194
495,101.62162162162161,3.083839059905076,2.3245153216316234,1.9849363581112598
496,101.81681681681681,3.0810126783498912,2.3230193927012377,1.9838416636855212
497,102.01201201201201,3.078199688661711,2.3215301457287594,1.9827517588168877
498,102.2072072072072,3.075399997051345,2.3200475363480697,1.9816666123042377
499,102.4024024024024,3.0726135105943824,2.318571520582625,1.980586193215624
500,102.59759759759758,3.069840137221332,2.317102054841211,1.9795104708853863
501,102.79279279279278,3.067079785707902,2.3156390959137534,1.978439414911307
502,102.98798798798798,3.064332365665405,2.314182600967187,1.9773729951517964
503,103.18318318318317,3.061597787531295,2.3127325275413693,1.9763111817231205
504,103.37837837837837,3.058875962559836,2.3112888335450545,1.9752539449966593
505,103.57357357357357,3.0561668028128866,2.3098514772519154,1.9742012555961994
506,103.76876876876877,3.0534702211508167,2.308420417296618,1.973153084395266
507,103.96396396396396,3.0507861312235423,2.3069956126709465,1.9721094025144836
508,104.15915915915915,3.048114447461677,2.305577022719976,1.9710701813189724
509,104.35435435435434,3.0454550850678075,2.304164607138297,1.9700353924157747
510,104.54954954954954,3.04280796000788,2.3027583259662867,1.9690050076513193
511,104.74474474474474,3.0401729890027043,2.301358139586424,1.9679789991089103
512,104.93993993993993,3.037550089519566,2.299964008719661,1.9669573391062534
513,105.13513513513513,3.034939179763954,2.2985758944218277,1.965940000193009
514,105.33033033033033,3.0323401786713937,2.297193758080094,1.964926955148379
515,105.52552552552552,3.0297530058993902,2.2958175614094665,1.9639181769787208
516,105.72072072072072,3.027177581819474,2.294447266449337,1.9629136389151924
517,105.9159159159159,3.0246138275093553,2.293082835560072,1.9619133144114262
518,106.1111111111111,3.022061664745176,2.2917242314196393,1.9609171771412315
519,106.3063063063063,3.019521015993866,2.290371417020288,1.9599252009963255
520,106.5015015015015,3.0169918044055968,2.2890243556652585,1.9589373600840927
521,106.69669669669669,3.014473953806336,2.287683010965542,1.9579536287253696
522,106.89189189189189,3.0119673886904943,2.286347346836676,1.9569739814522602
523,107.08708708708708,3.0094720342136725,2.285017327495579,1.955998393005975
524,107.28228228228228,3.006987816185496,2.2836929174574285,1.9550268383346974
525,107.47747747747746,3.0045146610625486,2.2823740815325735,1.9540592925914764
526,107.67267267267266,3.002052495941389,2.281060784823486,1.9530957311321453
527,107.86786786786786,2.999601248551664,2.2797529927217535,1.9521361295132635
528,108.06306306306305,2.9971608472493094,2.278450670905102,1.9511804634900876
529,108.25825825825825,2.9947312210098307,2.277153785334462,1.9502287090145605
530,108.45345345345345,2.992312299421677,2.2758623022510656,1.9492808422333303
531,108.64864864864865,2.9899040126796956,2.2745761881735818,1.9483368394857932
532,108.84384384384384,2.987506291578671,2.273295409895286,1.9473966773021536
533,109.03903903903903,2.9851190675069454,2.272019934481264,1.9464603324015153
534,109.23423423423422,2.982742272440119,2.270749729265648,1.9455277816899887
535,109.42942942942942,2.980375838934831,2.2694847618488923,1.944599002258828
536,109.62462462462462,2.9780197001226183,2.268225000095071,1.9436739713825824
537,109.81981981981981,2.975673789703852,2.266970412129221,1.9427526665172754
538,110.01501501501501,2.973338041941749,2.2657209663347078,1.9418350652986036
539,110.2102102102102,2.9710123916564597,2.264476631350625,1.9409211455401567
540,110.4054054054054,2.9686967742192283,2.2632373760692293,1.9400108852316573
541,110.60060060060059,2.9663911255466253,2.262003169633401,1.939104262537226
542,110.79579579579578,2.964095382094857,2.260773981434136,1.9382012557936599
543,110.99099099099098,2.9618094808541375,2.259549781108071,1.9373018435087388
544,111.18618618618618,2.9595333593431357,2.258330538535032,1.9364060043595461
545,111.38138138138137,2.957266955603493,2.257116223835621,1.9355137171908103
546,111.57657657657657,2.9550102081944005,2.255906807368821,1.9346249610132689
547,111.77177177177177,2.9527630561872527,2.2547022597296364,1.933739715002046
548,111.96696696696696,2.9505254391603595,2.253502551746759,1.9328579584950547
549,112.16216216216216,2.9482972971937267,2.252307654480262,1.9319796709914132
550,112.35735735735734,2.9460785708639006,2.251117539219321,1.9311048321498834
551,112.55255255255254,2.943869201238874,2.2499321774799603,1.930233421787323
552,112.74774774774774,2.941669129873055,2.2487515410028287,1.929365419877159
553,112.94294294294293,2.939478298802298,2.2475756017509987,1.9285008065478795
554,113.13813813813813,2.9372966505389924,2.2464043319077933,1.9276395620815387
555,113.33333333333333,2.935124128067215,2.245237703874634,1.926781666912282
556,113.52852852852853,2.9329606748379384,2.2440756902689225,1.9259271016248891
557,113.72372372372372,2.9308062347642947,2.2429182639219367,1.925075846953331
558,113.9189189189189,2.928660752216904,2.241765397876757,1.9242278837793436
559,114.1141141141141,2.926524172019252,2.2406170653862176,1.9233831931310217
560,114.3093093093093,2.9243964394431248,2.239473239910876,1.9225417561814229
561,114.5045045045045,2.9222775002041015,2.2383338951170133,1.9217035542471927
562,114.69969969969969,2.9201673004570963,2.2371990048746495,1.9208685687872014
563,114.89489489489489,2.9180657867919577,2.2360685432555885,1.9200367814011994
564,115.09009009009009,2.915972906229118,2.234942484531482,1.9192081738284847
565,115.28528528528528,2.9138886062152944,2.2338208031719127,1.9183827279465886
566,115.48048048048047,2.911812834619244,2.2327034738425096,1.9175604257699732
567,115.67567567567566,2.9097455397275627,2.2315904714030714,1.9167412494487455
568,115.87087087087086,2.9076866702405426,2.2304817709057225,1.9159251812673863
569,116.06606606606606,2.9056361752680724,2.2293773475930827,1.9151122036434909
570,116.26126126126125,2.9035940043255866,2.2282771768964604,1.9143022991265262
571,116.45645645645645,2.9015601073300634,2.227181234434068,1.913495450396601
572,116.65165165165165,2.8995344345960703,2.2260894960092545,1.912691640263249
573,116.84684684684684,2.8975169368318547,2.225001937608758,1.911890851664227
574,117.04204204204203,2.895507565135482,2.223918535400981,1.9110930676643254
575,117.23723723723722,2.8935062709910144,2.2228392657342813,1.9102982714541916
576,117.43243243243242,2.8915130062647423,2.221764105135285,1.909506446349168
577,117.62762762762762,2.889527723201449,2.220693030307217,1.9087175757881403
578,117.82282282282281,2.88755037442073,2.2196260181282494,1.9079316433324007
579,118.01801801801801,2.8855809129133445,2.2185630456498715,1.9071486326645233
580,118.21321321321321,2.883619292037618,2.2175040900952725,1.9063685275872497
581,118.4084084084084,2.88166546551588,2.216449128857748,1.9055913120223906
582,118.6036036036036,2.879719387430946,2.2153981394991216,1.904816970009735
583,118.79879879879879,2.8777810122226395,2.2143510997481815,1.904045485705976
584,118.99399399399398,2.875850294684352,2.2133079874991393,1.9032768433836442
585,119.18918918918918,2.8739271899596464,2.2122687808101027,1.9025110274300538
586,119.38438438438438,2.8720116535388964,2.2112334579015647,1.9017480223462626
587,119.57957957957957,2.8701036412559633,2.2102019971549116,1.9009878127460411
588,119.77477477477477,2.8682031092849134,2.209174377110945,1.9002303833548515
589,119.96996996996997,2.8663100141367717,2.208150576468423,1.8994757190088405
590,120.16516516516516,2.8644243126563116,2.2071305740826133,1.8987238046538415
591,120.36036036036035,2.8625459620188827,2.206114348963864,1.897974625344389
592,120.55555555555554,2.860674919727272,2.2051018802761937,1.8972281662427397
593,120.75075075075074,2.8588111436086043,2.20409314733589,1.8964844126179086
594,120.94594594594594,2.8569545918112733,2.203088129610128,1.895743349844714
595,121.14114114114113,2.85510522280191,2.2020868067156023,1.8950049634028312
596,121.33633633633633,2.8532629953623845,2.2010891584171746,1.8942692388758577
597,121.53153153153153,2.8514278685868435,2.200095164626533,1.893536161950388
598,121.72672672672672,2.849599801878773,2.199104805400872,1.8928057184150997
599,121.9219219219219,2.847778754948107,2.198118060941579,1.8920778941598455
600,122.1171171171171,2.845964687808356,2.19713491159294,1.891352675174758
601,122.3123123123123,2.8441575607737746,2.1961553378408585,1.8906300475493651
602,122.5075075075075,2.842357334456558,2.1951793203115875,1.8899099974717108
603,122.7027027027027,2.8405639697640708,2.194206839770472,1.889192511227487
604,122.89789789789789,2.838777427896105,2.193237877120713,1.8884775751991767
605,123.09309309309309,2.836997670342171,2.1922724134021343,1.887765175865203
606,123.28828828828829,2.8352246588788135,2.1913104297899726,1.8870552997990873
607,123.48348348348347,2.833458355566965,2.190351907593672,1.88634793366862
608,123.67867867867866,2.831698722749318,2.1893968282556946,1.8856430642350344
609,123.87387387387386,2.829945723047736,2.1884451733503476,1.8849406783521931
610,124.06906906906906,2.828199319360687,2.187496924582615,1.8842407629657827
611,124.26426426426426,2.8264594748607053,2.186552063787008,1.8835433051125139
612,124.45945945945945,2.8247261529918863,2.1856105729264237,1.8828482919193334
613,124.65465465465465,2.8229993174673993,2.184672434091019,1.8821557106026423
614,124.84984984984985,2.8212789322670364,2.1837376294970934,1.8814655484675213
615,125.04504504504504,2.8195649616347827,2.1828061414859845,1.8807777929069687
616,125.24024024024023,2.817857370076417,2.1818779525229752,1.8800924314011387
617,125.43543543543542,2.8161561223571323,2.1809530451962145,1.879409451516595
618,125.63063063063062,2.8144611834991875,2.180031402215643,1.8787288409055674
619,125.82582582582582,2.8127725187795836,2.179113006411938,1.8780505873052182
620,126.02102102102101,2.8110900937277616,2.1781978407354643,1.8773746785369136
621,126.21621621621621,2.8094138741233303,2.177285888255235,1.8767011025055078
622,126.41141141141141,2.807743825993813,2.176377132157889,1.8760298471986265
623,126.6066066066066,2.806079915612423,2.17547155574667,1.8753609006859662
624,126.80180180180179,2.8044221094958597,2.174569142440427,1.8746942511185938
625,126.99699699699698,2.8027703744021304,2.1736698757726147,1.8740298867282579
626,127.19219219219218,2.801124677328393,2.1727737393903106,1.8733677958267028
627,127.38738738738738,2.799484985508825,2.17188071705324,1.8727079668049953
628,127.58258258258257,2.797851266412511,2.170990792632813,1.8720503881328525
629,127.77777777777777,2.796223487741357,2.170103950111164,1.871395048357979
630,127.97297297297297,2.794601617428022,2.1692201735802166,1.8707419361054114
631,128.16816816816817,2.7929856236338773,2.168339447240737,1.8700910400768676
632,128.36336336336336,2.791375474746981,2.167461755401416,1.8694423490501049
633,128.55855855855856,2.789771139380077,2.166587082477949,1.8687958518782812
634,128.75375375375376,2.7881725863686184,2.16571541299213,1.8681515374893274
635,128.94894894894895,2.786579784768804,2.1648467315709525,1.8675093948853203
636,129.14414414414415,2.7849927038556417,2.163981022945721,1.8668694131418673
637,129.33933933933935,2.78341131312103,2.1631182719511726,1.8662315814074917
638,129.53453453453454,2.781835582271859,2.162258463524602,1.8655958889030313
639,129.72972972972974,2.7802654812281307,2.161401582705003,1.864962324921034
640,129.9249249249249,2.778700980121104,2.160547614632213,1.864330878825168
641,130.1201201201201,2.7771420492914487,2.159696544546067,1.8637015400496315
642,130.3153153153153,2.7755886592874295,2.158848357785565,1.8630742980985722
643,130.5105105105105,2.7740407808631042,2.1580030397880368,1.8624491425455096
644,130.7057057057057,2.7724983849765374,2.1571605760883283,1.8618260630327659
645,130.9009009009009,2.7709614427880376,2.1563209523179854,1.8612050492709
646,131.0960960960961,2.7694299256584105,2.1554841542044527,1.8605860910381486
647,131.2912912912913,2.767903805147232,2.154650167570277,1.8599691781798717
648,131.48648648648648,2.766383053011133,2.153818978332317,1.8593543006080042
649,131.68168168168165,2.7648676412021107,2.152990572500969,1.858741448300513
650,131.87687687687685,2.763357541865849,2.1521649361793855,1.858130611300859
651,132.07207207207205,2.761852727340063,2.1513420555627194,1.8575217797174643
652,132.26726726726724,2.7603531701528543,2.1505219169373615,1.856914943723185
653,132.46246246246244,2.7588588430210867,2.149704506680191,1.8563100935547883
654,132.65765765765764,2.757369718848778,2.148889811257834,1.855707219512435
655,132.85285285285283,2.7558857707255076,2.148077817225928,1.8551063119591689
656,133.04804804804803,2.754406971924839,2.147268511228395,1.8545073613204075
657,133.24324324324323,2.752933295902763,2.146461879996718,1.8539103580834406
658,133.43843843843842,2.751464716296147,2.1456579103492293,1.8533152927969319
659,133.63363363363362,2.750001206921213,2.1448565891904017,1.8527221560704268
660,133.82882882882882,2.7485427417720207,2.1440579035101512,1.852130938573865
661,134.02402402402402,2.7470892950189683,2.1432618403831403,1.8515416310370947
662,134.2192192192192,2.7456408410073108,2.142468386968093,1.850954224249396
663,134.4144144144144,2.7441973542556926,2.1416775305071174,1.850368709059006
664,134.6096096096096,2.742758809454691,2.1408892583250267,1.8497850763726493
665,134.8048048048048,2.7413251814653803,2.1401035578286773,1.8492033171550715
666,135.0,2.739896445317903,2.1393204165063064,1.8486234224285802
667,135.1951951951952,2.738472576210064,2.1385398219268783,1.8480453832725876
668,135.3903903903904,2.7370535495059305,2.1377617617394353,1.8474691908231582
669,135.58558558558556,2.7356393407344504,2.1369862236724586,1.8468948362725617
670,135.78078078078076,2.7342299255880826,2.1362131955332306,1.8463223108688283
671,135.97597597597596,2.7328252799214434,2.1354426652072056,1.84575160591531
672,136.17117117117115,2.7314253797499637,2.1346746206573886,1.8451827127702463
673,136.36636636636635,2.730030201248557,2.133909049923716,1.8446156228463306
674,136.56156156156155,2.7286397207503095,2.1331459411224434,1.8440503276102849
675,136.75675675675674,2.7272539147451718,2.1323852824455414,1.8434868185824365
676,136.95195195195194,2.725872759878673,2.1316270621600957,1.8429250873362986
677,137.14714714714714,2.724496232950641,2.130871268607711,1.842365125498154
678,137.34234234234233,2.7231243109139367,2.1301178902039237,1.8418069247466449
679,137.53753753753753,2.721756970873205,2.1293669154376182,1.841250476812366
680,137.73273273273273,2.7203941900836326,2.1286183328704498,1.8406957734774596
681,137.92792792792793,2.7190359459497184,2.1278721311362707,1.840142806575215
682,138.12312312312312,2.7176822160240586,2.1271282989405664,1.839591567989673
683,138.31831831831832,2.716332978006143,2.1263868250598907,1.8390420496552349
684,138.51351351351352,2.714988209741161,2.1256476983413113,1.8384942435562701
685,138.7087087087087,2.7136478892188203,2.124910907701858,1.8379481417267338
686,138.90390390390388,2.712311994572179,2.1241764421279776,1.837403736249783
687,139.09909909909908,2.7109805040764834,2.123444290674992,1.8368610192573993
688,139.29429429429428,2.7096533961480254,2.1227144424665627,1.836319982930014
689,139.48948948948947,2.708330649343001,2.121986886694161,1.8357806194961364
690,139.68468468468467,2.707012242356389,2.12126161261654,1.8352429212319854
691,139.87987987987987,2.7056981540208347,2.120538609559215,1.834706880461126
692,140.07507507507506,2.7043883633055463,2.119817866913948,1.8341724895541063
693,140.27027027027026,2.7030828493152,2.1190993741382345,1.8336397409281013
694,140.46546546546546,2.70178159128886,2.118383120754796,1.8331086270465573
695,140.66066066066065,2.700484568598903,2.1176690963510825,1.8325791404188398
696,140.85585585585585,2.699191760749958,2.11695729057877,1.8320512735998866
697,141.05105105105105,2.697903147377852,2.1162476931532694,1.8315250191898604
698,141.24624624624624,2.696618708248568,2.1155402938532397,1.8310003698338093
699,141.44144144144144,2.6953384232572155,2.114835082520101,1.8304773182213263
700,141.63663663663664,2.6940622724270016,2.1141320490575577,1.8299558570862133
701,141.83183183183183,2.692790235908226,2.1134311834311226,1.8294359792061494
702,142.027027027027,2.691522293977269,2.1127324756676455,1.8289176774023599
703,142.2222222222222,2.6902584270356047,2.1120359158548476,1.8284009445392893
704,142.4174174174174,2.6889986156088113,2.111341494140858,1.8278857735242786
705,142.6126126126126,2.6877428403455985,2.110649200733757,1.8273721573072432
706,142.8078078078078,2.6864910820168397,2.109959025901122,1.826860088880355
707,143.003003003003,2.685243321514615,2.1092709599695767,1.8263495612777265
708,143.19819819819818,2.6839995398512646,2.1085849933243463,1.8258405675750988
709,143.39339339339338,2.682759718158445,2.107901116408816,1.8253331008895324
710,143.58858858858858,2.6815238376862025,2.1072193197240923,1.8248271543790993
711,143.78378378378378,2.6802918798020503,2.1065395938285687,1.8243227212425779
712,143.97897897897897,2.679063825990053,2.1058619293374994,1.8238197947191543
713,144.17417417417417,2.6778396578499226,2.1051863169225675,1.8233183680881206
714,144.36936936936937,2.6766193570961234,2.104512747311468,1.8228184346685798
715,144.56456456456456,2.6754029055569815,2.1038412112874862,1.8223199878191516
716,144.75975975975976,2.6741902851738044,2.103171699689085,1.8218230209376827
717,144.95495495495496,2.6729814780000116,2.1025042034094916,1.821327527460956
718,145.15015015015015,2.6717764662002677,2.1018387133962926,1.8208335008644072
719,145.34534534534532,2.6705752320496274,2.1011752206510286,1.8203409346618398
720,145.54054054054052,2.669377757932688,2.100513716228793,1.819849822405144
721,145.73573573573572,2.6681840263427477,2.09985419123784,1.8193601576840193
722,145.9309309309309,2.666994019880973,2.0991966368391854,1.8188719341256974
723,146.1261261261261,2.665807721255575,2.0985410442462213,1.8183851453946691
724,146.3213213213213,2.6646251132809895,2.097887404724328,1.8178997851924126
725,146.5165165165165,2.663446178877068,2.097235709590493,1.817415847257126
726,146.7117117117117,2.662270901068275,2.0965859502129285,1.8169333253634583
727,146.9069069069069,2.661099262982893,2.0959381180106984,1.8164522133222472
728,147.1021021021021,2.659931247852232,2.0952922044533433,1.8159725049802555
729,147.2972972972973,2.6587668390098504,2.0946482010605125,1.8154941942199136
730,147.4924924924925,2.657606019890781,2.094006099401597,1.8150172749590603
731,147.68768768768768,2.656448774030762,2.0933658910953667,1.814541741150687
732,147.88288288288288,2.655295085065478,2.092727567809609,1.8140675867826868
733,148.07807807807808,2.6541449367298067,2.0920911212607756,1.8135948058776024
734,148.27327327327328,2.652998312857073,2.0914565432136243,1.8131233924923775
735,148.46846846846844,2.651855197378306,2.090823825480871,1.8126533407181098
736,148.66366366366364,2.650715574321511,2.090192959922843,1.8121846446798073
737,148.85885885885884,2.6495794278109375,2.089563938447131,1.8117172985361454
738,149.05405405405403,2.6484467420663615,2.0889367530082525,1.8112512964792276
739,149.24924924924923,2.647317501402372,2.0883113956073074,1.810786632734346
740,149.44444444444443,2.646191690227664,2.087687858291647,1.8103233015597457
741,149.63963963963963,2.6450692930443345,2.087066133154539,1.80986129724639
742,149.83483483483482,2.643950294447191,2.086446212334837,1.8094006141177301
743,150.03003003003002,2.642834679123061,2.0858280880166555,1.8089412465294723
744,150.22522522522522,2.6417224318501105,2.085211752429044,1.8084831888693513
745,150.4204204204204,2.6406135374971647,2.0845971978456657,1.8080264355569031
746,150.6156156156156,2.6395079810230415,2.0839844165844785,1.8075709810432417
747,150.8108108108108,2.638405747475884,2.08337340100742,1.8071168198108354
748,151.006006006006,2.637306821992502,2.0827641435200928,1.806663946373286
749,151.2012012012012,2.63621118979772,2.082156636571454,1.8062123552751113
750,151.3963963963964,2.6351188362037288,2.081550872653509,1.805762041091527
751,151.5915915915916,2.6340297466094444,2.0809468443010024,1.8053129984282315
752,151.78678678678676,2.632943906499872,2.08034454409112,1.8048652219211938
753,151.98198198198196,2.6318613014454764,2.0797439646431832,1.80441870623644
754,152.17717717717716,2.630781917101555,2.0791450986183553,1.8039734460698456
755,152.37237237237235,2.62970573920762,2.0785479387193444,1.803529436146926
756,152.56756756756755,2.6286327535867837,2.0779524776901113,1.8030866712226306
757,152.76276276276275,2.6275629461451513,2.0773587083155785,1.802645146081138
758,152.95795795795794,2.6264963028712147,2.0767666234213435,1.8022048555356533
759,153.15315315315314,2.625432809835256,2.0761762158733923,1.8017657944282077
760,153.34834834834834,2.6243724531887547,2.0755874785778166,1.8013279576294579
761,153.54354354354354,2.623315219163799,2.075000404480534,1.8008913400384878
762,153.73873873873873,2.622261094072502,2.074414986567008,1.800455936582614
763,153.93393393393393,2.6212100643064287,2.073831217861975,1.8000217422171896
764,154.12912912912913,2.620162116336016,2.0732490914291657,1.7995887519254115
765,154.32432432432432,2.6191172367100104,2.072668600371039,1.7991569607181293
766,154.51951951951952,2.6180754120549032,2.07208973782851,1.798726363633656
767,154.71471471471472,2.617036629074371,2.0715124969806826,1.7982969557375779
768,154.9099099099099,2.616000874548725,2.0709368710445872,1.79786873212257
769,155.10510510510508,2.6149681353343603,2.0703628532749154,1.7974416879082091
770,155.30030030030028,2.613938398363212,2.0697904369637623,1.797015818240791
771,155.49549549549548,2.6129116506422165,2.0692196154403666,1.7965911182931473
772,155.69069069069067,2.6118878792527775,2.0686503820708544,1.7961675832644668
773,155.88588588588587,2.6108670713502344,2.068082730257987,1.7957452083801133
774,156.08108108108107,2.609849214163337,2.0675166534409066,1.79532398889145
775,156.27627627627626,2.6088342949937244,2.0669521450948896,1.794903920075663
776,156.47147147147146,2.607822301215409,2.0663891987310947,1.794484997235585
777,156.66666666666666,2.6068132202742627,2.0658278078963224,1.7940672156995228
778,156.86186186186185,2.605807039687509,2.0652679661727666,1.7936505708210855
779,157.05705705705705,2.6048037470432193,2.0647096671777754,1.793235057979013
780,157.25225225225225,2.6038033299998156,2.0641529045636107,1.7928206725770068
781,157.44744744744744,2.602805776285571,2.063597672017211,1.7924074100435625
782,157.64264264264264,2.601811073698122,2.0630439632599535,1.7919952658318035
783,157.83783783783784,2.6008192101039787,2.062491772047425,1.791584235419314
784,158.03303303303304,2.5998301734380442,2.0619410921691834,1.791174314307977
785,158.2282282282282,2.5988439517031345,2.0613919174485322,1.7907654980238101
786,158.4234234234234,2.597860532969502,2.060844241742291,1.7903577821168062
787,158.6186186186186,2.5968799053743687,2.060298058940569,1.7899511621607709
788,158.8138138138138,2.595902057121455,2.059753362966539,1.789545633753166
789,159.009009009009,2.5949269764805174,2.059210147776218,1.78914119251495
790,159.2042042042042,2.593954651786891,2.058668407358242,1.788737834090424
791,159.39939939939939,2.5929850714410327,2.058128135733652,1.788335554147075
792,159.59459459459458,2.5920182239080694,2.0575893269556693,1.7879343483754224
793,159.78978978978978,2.5910540977173495,2.0570519751094873,1.7875342124888665
794,159.98498498498498,2.5900926814619996,2.056516074312053,1.7871351422235355
795,160.18018018018017,2.5891339637984836,2.0559816187118565,1.7867371333381374
796,160.37537537537537,2.588177933446166,2.055448602488718,1.7863401816138087
797,160.57057057057057,2.587224579186878,2.0549170198535838,1.785944282853969
798,160.76576576576576,2.5862738898644864,2.054386865048314,1.7855494328841721
799,160.96096096096096,2.5853258543844704,2.053858132345479,1.7851556275519627
800,161.15615615615616,2.5843804617134967,2.0533308160481556,1.78476286272673
801,161.35135135135135,2.5834377008789997,2.0528049104897255,1.7843711342995665
802,161.54654654654652,2.5824975609687666,2.0522804100336733,1.7839804381831241
803,161.74174174174172,2.581560031130526,2.0517573090733863,1.783590770311475
804,161.93693693693692,2.5806251005715346,2.0512356020319613,1.78320212663997
805,162.1321321321321,2.5796927585581777,2.0507152833620026,1.7828145031451008
806,162.3273273273273,2.5787629944155603,2.050196347545433,1.7824278958243625
807,162.5225225225225,2.577835797527112,2.049678789093298,1.7820423006961164
808,162.7177177177177,2.5769111573341896,2.0491626025455734,1.7816577137994547
809,162.9129129129129,2.575989063335684,2.0486477824709786,1.781274131194066
810,163.1081081081081,2.575069505087632,2.048134323466787,1.780891548960102
811,163.3033033033033,2.5741524722028277,2.0476222201586367,1.7805099631980448
812,163.4984984984985,2.573237954350441,2.0471114672003488,1.7801293700285754
813,163.6936936936937,2.5723259412556354,2.0466020592737397,1.7797497655924448
814,163.88888888888889,2.571416422699194,2.0460939910884424,1.7793711460503416
815,164.08408408408408,2.570509388517142,2.045587257381722,1.7789935075827672
816,164.27927927927928,2.569604828600377,2.045081852918298,1.778616846389906
817,164.47447447447448,2.568702732894301,2.044577772490164,1.7782411586914995
818,164.66966966966964,2.5678030913984546,2.044075010916414,1.7778664407267208
819,164.86486486486484,2.566905894166155,2.0435735630430627,1.7774926887540519
820,165.06006006006004,2.5660111313041374,2.0430734237428743,1.7771198990511572
821,165.25525525525524,2.5651187929721955,2.0425745879151895,1.7767480679147631
822,165.45045045045043,2.5642288693828323,2.0420770504857515,1.7763771916605355
823,165.64564564564563,2.5633413508009046,2.041580806406538,1.77600726662296
824,165.84084084084083,2.5624562275432794,2.0410858506555933,1.7756382891552205
825,166.03603603603602,2.5615734899784846,2.040592178236856,1.7752702556290814
826,166.23123123123122,2.5606931285263674,2.040099784179999,1.7749031624347706
827,166.42642642642642,2.5598151336577573,2.0396086635402595,1.7745370059808603
828,166.6216216216216,2.5589394958941245,2.0391188113982763,1.7741717826941519
829,166.8168168168168,2.5580662058072483,2.0386302228599305,1.7738074890195614
830,167.012012012012,2.5571952540188843,2.0381428930561785,1.773444121420004
831,167.2072072072072,2.556326631200436,2.0376568171428984,1.7730816763762804
832,167.4024024024024,2.5554603280726256,2.0371719903007253,1.7727201503869645
833,167.5975975975976,2.554596335405173,2.0366884077348972,1.772359539968292
834,167.7927927927928,2.5537346440164717,2.036206064675099,1.7719998416540494
835,167.98798798798796,2.552875244773272,2.0357249563753035,1.7716410519954617
836,168.18318318318316,2.552018128590362,2.0352450781136215,1.7712831675610863
837,168.37837837837836,2.551163286430255,2.0347664251921476,1.770926184936702
838,168.57357357357355,2.5503107093028774,2.034288992936806,1.7705701007252028
839,168.76876876876875,2.5494603882652607,2.033812776697205,1.7702149115464898
840,168.96396396396395,2.5486123144212325,2.0333377718464827,1.7698606140373663
841,169.15915915915915,2.5477664789211136,2.032863973781161,1.7695072048514306
842,169.35435435435434,2.5469228729614155,2.0323913779209977,1.7691546806589746
843,169.54954954954954,2.546081487784541,2.0319199797088414,1.7688030381468764
844,169.74474474474474,2.5452423146784846,2.031449774610486,1.7684522740184996
845,169.93993993993993,2.544405344976543,2.0309807581145263,1.768102384993591
846,170.13513513513513,2.543570570057016,2.0305129257322156,1.7677533678081785
847,170.33033033033033,2.5427379813429187,2.030046272997324,1.7674052192144698
848,170.52552552552552,2.5419075703016936,2.0295807954659972,1.7670579359807548
849,170.72072072072072,2.5410793284449236,2.0291164887166184,1.766711514891303
850,170.91591591591592,2.540253247328049,2.0286533483496676,1.7663659527462678
851,171.1111111111111,2.5394293185500847,2.028191369987586,1.766021246361588
852,171.30630630630628,2.5386075337533414,2.027730549274638,1.7656773925688898
853,171.50150150150148,2.5377878846231483,2.0272708818767757,1.7653343882153916
854,171.69669669669668,2.5369703628875766,2.0268123634815054,1.7649922301638077
855,171.89189189189187,2.5361549603171674,2.0263549897977544,1.7646509152922536
856,172.08708708708707,2.5353416687246617,2.0258987565557365,1.7643104404941519
857,172.28228228228227,2.534530479964728,2.0254436595068226,1.7639708026781389
858,172.47747747747746,2.533721385933699,2.0249896944234083,1.763631998767971
859,172.67267267267266,2.5329143785693047,2.024536857098785,1.7632940257024332
860,172.86786786786786,2.532109449850409,2.024085143347013,1.762956880435248
861,173.06306306306305,2.53130659179675,2.0236345490027907,1.7626205599349831
862,173.25825825825825,2.530505796468681,2.02318506992133,1.7622850611849628
863,173.45345345345345,2.529707055966912,2.022736701978229,1.761950381183177
864,173.64864864864865,2.528910362432257,2.0222894410693484,1.7616165169421947
865,173.84384384384384,2.5281157080453776,2.021843283110688,1.7612834654890728
866,174.03903903903904,2.5273230850265356,2.0213982240382613,1.7609512238652696
867,174.23423423423424,2.5265324856353404,2.020954259807975,1.7606197891265596
868,174.4294294294294,2.525743902170504,2.020511386395507,1.7602891583429454
869,174.6246246246246,2.5249573269695933,2.020069599796187,1.759959328598571
870,174.8198198198198,2.524172752408787,2.0196288960248756,1.7596302969916402
871,175.015015015015,2.5233901709026347,2.0191892711158475,1.7593020606343281
872,175.2102102102102,2.522609574903816,2.0187507211226703,1.7589746166527003
873,175.4054054054054,2.521830956902902,2.0183132421180923,1.7586479621866278
874,175.6006006006006,2.521054309428118,2.0178768301939227,1.7583220943897053
875,175.79579579579578,2.520279625045111,2.0174414814609167,1.7579970104291693
876,175.99099099099098,2.5195068963567144,2.0170071920486627,1.7576727074858156
877,176.18618618618618,2.5187361160027173,2.0165739581054685,1.757349182753919
878,176.38138138138137,2.5179672766596353,2.016141775798247,1.7570264334411527
879,176.57657657657657,2.5172003710404836,2.0157106413124057,1.7567044567685097
880,176.77177177177177,2.5164353918945475,2.015280550851734,1.7563832499702217
881,176.96696696696696,2.5156723320071617,2.014851500638295,1.7560628102936815
882,177.16216216216216,2.5149111841994847,2.0144234869123143,1.7557431349993657
883,177.35735735735736,2.5141519413282793,2.0139965059320715,1.7554242213607565
884,177.55255255255253,2.513394596285692,2.0135705539737927,1.7551060666642635
885,177.74774774774772,2.5126391419990353,2.0131456273315425,1.7547886682091494
886,177.94294294294292,2.5118855714305712,2.0127217223171177,1.7544720233074527
887,178.13813813813812,2.5111338775772967,2.012298835259943,1.7541561292839127
888,178.33333333333331,2.5103840534707307,2.011876962506964,1.7538409834758961
889,178.5285285285285,2.509636092176702,2.0114561004225444,1.7535265832333198
890,178.7237237237237,2.508889986795139,2.0110362453883615,1.7532129259185796
891,178.9189189189189,2.5081457304598613,2.010617393803305,1.7529000089064763
892,179.1141141141141,2.5074033163383747,2.0101995420833725,1.7525878295841422
893,179.3093093093093,2.5066627376316615,2.009782686661571,1.7522763853509704
894,179.5045045045045,2.505923987573979,2.009366823987815,1.7519656736185418
895,179.6996996996997,2.505187059432658,2.008951950528826,1.751655691810554
896,179.8948948948949,2.504451946507901,2.0085380627680345,1.7513464373627514
897,180.0900900900901,2.503718642132579,2.0081251572054817,1.7510379077228542
898,180.28528528528528,2.50298713967204,2.0077132303577208,1.7507301003504896
899,180.48048048048048,2.502257432523906,2.0073022787577193,1.750423012717121
900,180.67567567567568,2.5015295141178826,2.006892298954766,1.7501166423059809
901,180.87087087087085,2.500803377915561,2.0064832875143708,1.749810986612002
902,181.06606606606604,2.5000790174102288,2.0060752410181726,1.7495060431417482
903,181.26126126126124,2.4993564261266767,2.005668156063845,1.7492018094133504
904,181.45645645645644,2.4986355976210097,2.005262029265001,1.7488982829564352
905,181.65165165165163,2.4979165254804587,2.0048568572511005,1.7485954613120631
906,181.84684684684683,2.4971992033231944,2.004452636667358,1.7482933420326592
907,182.04204204204203,2.4964836247981386,2.004049364174653,1.7479919226819494
908,182.23723723723722,2.4957697835847843,2.0036470364494336,1.7476912008348942
909,182.43243243243242,2.495057673393008,2.003245650183632,1.7473911740776256
910,182.62762762762762,2.494347287962892,2.0028452020845706,1.747091840007381
911,182.82282282282281,2.4936386210645423,2.0024456888748747,1.746793196232442
912,183.018018018018,2.492931666497908,2.0020471072923836,1.7464952403720686
913,183.2132132132132,2.492226418092607,2.0016494540900607,1.7461979700564387
914,183.4084084084084,2.4915228697077456,2.0012527260359096,1.745901382926583
915,183.6036036036036,2.490821015231745,2.0008569199128847,1.745605476634326
916,183.7987987987988,2.4901208485821695,2.000462032518805,1.7453102488422216
917,183.99399399399397,2.4894223637055477,2.0000680606662713,1.745015697223495
918,184.18918918918916,2.488725554577208,1.9996750011825775,1.744721819461979
919,184.38438438438436,2.4880304152011017,1.9992828509096274,1.7444286132520552
920,184.57957957957956,2.4873369396096394,1.9988916067038531,1.7441360762985947
921,184.77477477477476,2.4866451218635195,1.998501265436129,1.7438442063168973
922,184.96996996996995,2.4859549560515606,1.9981118239916902,1.7435530010326328
923,185.16516516516515,2.485266436290541,1.9977232792700497,1.743262458181783
924,185.36036036036035,2.4845795567250266,1.9973356281849188,1.7429725755105834
925,185.55555555555554,2.483894311527215,1.996948867664123,1.7426833507754633
926,185.75075075075074,2.4832106948967696,1.9965629946495247,1.742394781742991
927,185.94594594594594,2.4825287010606574,1.9961780060969414,1.7421068661898151
928,186.14114114114113,2.4818483242729927,1.9957938989760662,1.7418196019026086
929,186.33633633633633,2.4811695588148743,1.99541067027039,1.7415329866780123
930,186.53153153153153,2.4804923989942322,1.9950283169771232,1.7412470183225774
931,186.72672672672672,2.4798168391456663,1.9946468361071172,1.740961694652713
932,186.92192192192192,2.4791428736302956,1.9942662246847875,1.7406770134946283
933,187.11711711711712,2.4784704968355995,1.9938864797480371,1.7403929726842782
934,187.3123123123123,2.4777997031752674,1.9935075983481803,1.7401095700673093
935,187.50750750750748,2.477130487089045,1.9931295775498667,1.7398268034990063
936,187.70270270270268,2.476462843042585,1.9927524144310067,1.7395446708442368
937,187.89789789789788,2.4757967655272934,1.992376106082696,1.7392631699774
938,188.09309309309307,2.4751322490601844,1.992000649609143,1.7389822987823707
939,188.28828828828827,2.474469288183729,1.9916260421275926,1.7387020551524501
940,188.48348348348347,2.4738078774657097,1.991252280768256,1.7384224369903098
941,188.67867867867866,2.4731480114990743,1.9908793626742354,1.7381434422079431
942,188.87387387387386,2.4724896849017917,1.9905072850014538,1.7378650687266122
943,189.06906906906906,2.4718328923167046,1.990136044918582,1.7375873144767948
944,189.26426426426426,2.47117762841139,1.9897656396069683,1.7373101773981374
945,189.45945945945945,2.470523887878016,1.9893960662605672,1.7370336554394006
946,189.65465465465465,2.4698716654332,1.9890273220858692,1.7367577465584112
947,189.84984984984985,2.4692209558178684,1.9886594043018313,1.7364824487220114
948,190.04504504504504,2.4685717537971197,1.9882923101398078,1.7362077599060093
949,190.24024024024024,2.467924054160083,1.9879260368434806,1.73593367809513
950,190.4354354354354,2.4672778517197833,1.9875605816687907,1.7356602012829656
951,190.6306306306306,2.4666331413130047,1.9871959418838727,1.7353873274719283
952,190.8258258258258,2.4659899178001528,1.9868321147689842,1.735115054673199
953,191.021021021021,2.465348176065124,1.98646909761644,1.7348433809066843
954,191.2162162162162,2.464707911015169,1.9861068877305457,1.7345723042009626
955,191.4114114114114,2.4640691175807605,1.9857454824275311,1.7343018225932423
956,191.6066066066066,2.463431790715463,1.9853848790354853,1.7340319341293111
957,191.8018018018018,2.4627959253958,1.9850250748942901,1.7337626368634909
958,191.99699699699698,2.462161516621125,1.9846660673555563,1.7334939288585904
959,192.19219219219218,2.461528559413494,1.9843078537825583,1.7332258081858603
960,192.38738738738738,2.460897048817533,1.9839504315501708,1.7329582729249455
961,192.58258258258257,2.460266979900315,1.9835937980448053,1.7326913211638417
962,192.77777777777777,2.4596383477512305,1.9832379506643452,1.7324249509988476
963,192.97297297297297,2.459011147481865,1.982882886818086,1.7321591605345235
964,193.16816816816817,2.45838537422587,1.9825286039266712,1.7318939478836426
965,193.36336336336336,2.4577610231388425,1.9821750994220289,1.7316293111671488
966,193.55855855855856,2.4571380893982004,1.9818223707473133,1.7313652485141136
967,193.75375375375373,2.456516568203061,1.9814704153568417,1.731101758061689
968,193.94894894894892,2.4558964547741176,1.981119230716034,1.7308388379550679
969,194.14414414414412,2.455277744353521,1.9807688143013522,1.730576486347437
970,194.33933933933932,2.4546604322047596,1.9804191636002417,1.7303147013999376
971,194.53453453453452,2.454044513612538,1.98007027611107,1.7300534812816195
972,194.7297297297297,2.453429983882661,1.9797221493430683,1.729792824169401
973,194.9249249249249,2.4528168383419144,1.9793747808162727,1.7295327282480248
974,195.1201201201201,2.452205072337952,1.9790281680614659,1.7292731917100188
975,195.3153153153153,2.4515946812391736,1.9786823086201195,1.7290142127556514
976,195.5105105105105,2.4509856604346143,1.9783372000443347,1.7287557895928916
977,195.7057057057057,2.4503780053338304,1.9779928398967868,1.7284979204373687
978,195.9009009009009,2.4497717113667816,1.9776492257506684,1.7282406035123308
979,196.0960960960961,2.4491667739837237,1.9773063551896306,1.7279838370486027
980,196.2912912912913,2.448563188655091,1.9769642258077296,1.7277276192845485
981,196.48648648648648,2.4479609508713893,1.9766228352093687,1.72747194846603
982,196.68168168168168,2.447360056143082,1.9762821810092437,1.7272168228463654
983,196.87687687687685,2.446760500000483,1.9759422608322887,1.726962240686293
984,197.07207207207205,2.4461622779936447,1.9756030723136198,1.7267082002539296
985,197.26726726726724,2.4455653856922517,1.9752646130984808,1.7264546998247319
986,197.46246246246244,2.4449698186855113,1.9749268808421907,1.7262017376814591
987,197.65765765765764,2.4443755725820493,1.974589873210088,1.7259493121141314
988,197.85285285285283,2.443782643009798,1.9742535878774785,1.7256974214199943
989,198.04804804804803,2.4431910256158984,1.9739180225295827,1.7254460639034803
990,198.24324324324323,2.4426007160665875,1.9735831748614812,1.7251952378761697
991,198.43843843843842,2.442011710047099,1.9732490425780644,1.7249449416567544
992,198.63363363363362,2.441424003261558,1.9729156233939795,1.724695173570999
993,198.82882882882882,2.4408375914328784,1.9725829150335787,1.7244459319517058
994,199.02402402402402,2.4402524703026605,1.9722509152308685,1.7241972151386757
995,199.2192192192192,2.439668635631087,1.9719196217294572,1.7239490214786741
996,199.4144144144144,2.439086083196828,1.9715890322825065,1.7237013493253912
997,199.6096096096096,2.4385048087969348,1.9712591446526784,1.7234541970394088
998,199.8048048048048,2.437924808246742,1.970929956612088,1.7232075629881631
999,200.0,2.4373460773797717,1.9706014659422502,1.7229614455459086
