Well,GFP,Strain,Plant,Leaf,Date,Machine,Unique_plant_ID,Puncher,Date,GFP
A1,577436,WT,1,Top,2022_05_30,SB3,Plant_1_2022_05_30,Mitch,2022_05_30,577436
A2,596205,WT,1,Top,2022_05_30,SB3,Plant_1_2022_05_30,Mitch,2022_05_30,596205
A3,446297,WT,1,Top,2022_05_30,SB3,Plant_1_2022_05_30,Mitch,2022_05_30,446297
A4,516985,WT,1,Top,2022_05_30,SB3,Plant_1_2022_05_30,Mitch,2022_05_30,516985
A5,313663,WT,1,Bottom,2022_05_30,SB3,Plant_1_2022_05_30,Mitch,2022_05_30,313663
A6,341408,WT,1,Bottom,2022_05_30,SB3,Plant_1_2022_05_30,Mitch,2022_05_30,341408
A7,405527,WT,1,Bottom,2022_05_30,SB3,Plant_1_2022_05_30,Mitch,2022_05_30,405527
A8,304304,WT,1,Bottom,2022_05_30,SB3,Plant_1_2022_05_30,Mitch,2022_05_30,304304
A9,219128,WT,2,Top,2022_05_30,SB3,Plant_2_2022_05_30,Mitch,2022_05_30,219128
A10,296402,WT,2,Top,2022_05_30,SB3,Plant_2_2022_05_30,Mitch,2022_05_30,296402
A11,314114,WT,2,Top,2022_05_30,SB3,Plant_2_2022_05_30,Mitch,2022_05_30,314114
A12,275208,WT,2,Top,2022_05_30,SB3,Plant_2_2022_05_30,Mitch,2022_05_30,275208
B1,194209,WT,2,Bottom,2022_05_30,SB3,Plant_2_2022_05_30,Mitch,2022_05_30,194209
B2,317213,WT,2,Bottom,2022_05_30,SB3,Plant_2_2022_05_30,Mitch,2022_05_30,317213
B3,303460,WT,2,Bottom,2022_05_30,SB3,Plant_2_2022_05_30,Mitch,2022_05_30,303460
B4,331432,WT,2,Bottom,2022_05_30,SB3,Plant_2_2022_05_30,Mitch,2022_05_30,331432
B5,621106,WT,3,Top,2022_05_30,SB3,Plant_3_2022_05_30,Mitch,2022_05_30,621106
B6,535491,WT,3,Top,2022_05_30,SB3,Plant_3_2022_05_30,Mitch,2022_05_30,535491
B7,689828,WT,3,Top,2022_05_30,SB3,Plant_3_2022_05_30,Mitch,2022_05_30,689828
B8,563642,WT,3,Top,2022_05_30,SB3,Plant_3_2022_05_30,Mitch,2022_05_30,563642
B9,265515,WT,3,Bottom,2022_05_30,SB3,Plant_3_2022_05_30,Mitch,2022_05_30,265515
B10,200112,WT,3,Bottom,2022_05_30,SB3,Plant_3_2022_05_30,Mitch,2022_05_30,200112
B11,302840,WT,3,Bottom,2022_05_30,SB3,Plant_3_2022_05_30,Mitch,2022_05_30,302840
B12,294253,WT,3,Bottom,2022_05_30,SB3,Plant_3_2022_05_30,Mitch,2022_05_30,294253
C1,276477,WT,4,Top,2022_05_30,SB3,Plant_4_2022_05_30,Mitch,2022_05_30,276477
C2,328927,WT,4,Top,2022_05_30,SB3,Plant_4_2022_05_30,Mitch,2022_05_30,328927
C3,369825,WT,4,Top,2022_05_30,SB3,Plant_4_2022_05_30,Mitch,2022_05_30,369825
C4,237105,WT,4,Top,2022_05_30,SB3,Plant_4_2022_05_30,Mitch,2022_05_30,237105
C5,103009,WT,4,Bottom,2022_05_30,SB3,Plant_4_2022_05_30,Mitch,2022_05_30,103009
C6,143617,WT,4,Bottom,2022_05_30,SB3,Plant_4_2022_05_30,Mitch,2022_05_30,143617
C7,327748,WT,4,Bottom,2022_05_30,SB3,Plant_4_2022_05_30,Mitch,2022_05_30,327748
C8,213676,WT,4,Bottom,2022_05_30,SB3,Plant_4_2022_05_30,Mitch,2022_05_30,213676
C9,459717,WT,5,Top,2022_05_30,SB3,Plant_5_2022_05_30,Mitch,2022_05_30,459717
C10,431668,WT,5,Top,2022_05_30,SB3,Plant_5_2022_05_30,Mitch,2022_05_30,431668
C11,338922,WT,5,Top,2022_05_30,SB3,Plant_5_2022_05_30,Mitch,2022_05_30,338922
C12,344606,WT,5,Top,2022_05_30,SB3,Plant_5_2022_05_30,Mitch,2022_05_30,344606
D1,319466,WT,5,Bottom,2022_05_30,SB3,Plant_5_2022_05_30,Mitch,2022_05_30,319466
D2,459202,WT,5,Bottom,2022_05_30,SB3,Plant_5_2022_05_30,Mitch,2022_05_30,459202
D3,396293,WT,5,Bottom,2022_05_30,SB3,Plant_5_2022_05_30,Mitch,2022_05_30,396293
D4,516086,WT,5,Bottom,2022_05_30,SB3,Plant_5_2022_05_30,Mitch,2022_05_30,516086
D5,640362,WT,6,Top,2022_05_30,SB3,Plant_6_2022_05_30,Mitch,2022_05_30,640362
D6,753287,WT,6,Top,2022_05_30,SB3,Plant_6_2022_05_30,Mitch,2022_05_30,753287
D7,546045,WT,6,Top,2022_05_30,SB3,Plant_6_2022_05_30,Mitch,2022_05_30,546045
D8,557913,WT,6,Top,2022_05_30,SB3,Plant_6_2022_05_30,Mitch,2022_05_30,557913
D9,407279,WT,6,Bottom,2022_05_30,SB3,Plant_6_2022_05_30,Mitch,2022_05_30,407279
D10,550843,WT,6,Bottom,2022_05_30,SB3,Plant_6_2022_05_30,Mitch,2022_05_30,550843
D11,425436,WT,6,Bottom,2022_05_30,SB3,Plant_6_2022_05_30,Mitch,2022_05_30,425436
D12,349461,WT,6,Bottom,2022_05_30,SB3,Plant_6_2022_05_30,Mitch,2022_05_30,349461
E1,545718,WT,7,Top,2022_05_30,SB3,Plant_7_2022_05_30,Mitch,2022_05_30,545718
E2,699713,WT,7,Top,2022_05_30,SB3,Plant_7_2022_05_30,Mitch,2022_05_30,699713
E3,583924,WT,7,Top,2022_05_30,SB3,Plant_7_2022_05_30,Mitch,2022_05_30,583924
E4,518827,WT,7,Top,2022_05_30,SB3,Plant_7_2022_05_30,Mitch,2022_05_30,518827
E5,390448,WT,7,Bottom,2022_05_30,SB3,Plant_7_2022_05_30,Mitch,2022_05_30,390448
E6,354982,WT,7,Bottom,2022_05_30,SB3,Plant_7_2022_05_30,Mitch,2022_05_30,354982
E7,375244,WT,7,Bottom,2022_05_30,SB3,Plant_7_2022_05_30,Mitch,2022_05_30,375244
E8,447308,WT,7,Bottom,2022_05_30,SB3,Plant_7_2022_05_30,Mitch,2022_05_30,447308
E9,398152,WT,8,Top,2022_05_30,SB3,Plant_8_2022_05_30,Mitch,2022_05_30,398152
E10,555381,WT,8,Top,2022_05_30,SB3,Plant_8_2022_05_30,Mitch,2022_05_30,555381
E11,536163,WT,8,Top,2022_05_30,SB3,Plant_8_2022_05_30,Mitch,2022_05_30,536163
E12,302551,WT,8,Top,2022_05_30,SB3,Plant_8_2022_05_30,Mitch,2022_05_30,302551
F1,424947,WT,8,Bottom,2022_05_30,SB3,Plant_8_2022_05_30,Mitch,2022_05_30,424947
F2,403985,WT,8,Bottom,2022_05_30,SB3,Plant_8_2022_05_30,Mitch,2022_05_30,403985
F3,387932,WT,8,Bottom,2022_05_30,SB3,Plant_8_2022_05_30,Mitch,2022_05_30,387932
F4,488453,WT,8,Bottom,2022_05_30,SB3,Plant_8_2022_05_30,Mitch,2022_05_30,488453
A1,442081,WT,1,Top,2022_08_08,SB3,Plant_1_2022_08_08,Mitch,2022_08_08,442081
A2,534247,WT,1,Top,2022_08_08,SB3,Plant_1_2022_08_08,Mitch,2022_08_08,534247
A3,369060,WT,1,Top,2022_08_08,SB3,Plant_1_2022_08_08,Mitch,2022_08_08,369060
A4,455186,WT,1,Top,2022_08_08,SB3,Plant_1_2022_08_08,Mitch,2022_08_08,455186
A5,68986,WT,1,Bottom,2022_08_08,SB3,Plant_1_2022_08_08,Mitch,2022_08_08,68986
A6,86914,WT,1,Bottom,2022_08_08,SB3,Plant_1_2022_08_08,Mitch,2022_08_08,86914
A7,163302,WT,1,Bottom,2022_08_08,SB3,Plant_1_2022_08_08,Mitch,2022_08_08,163302
A8,228049,WT,1,Bottom,2022_08_08,SB3,Plant_1_2022_08_08,Mitch,2022_08_08,228049
A9,182469,WT,2,Top,2022_08_08,SB3,Plant_2_2022_08_08,Mitch,2022_08_08,182469
A10,376875,WT,2,Top,2022_08_08,SB3,Plant_2_2022_08_08,Mitch,2022_08_08,376875
A11,88236,WT,2,Top,2022_08_08,SB3,Plant_2_2022_08_08,Mitch,2022_08_08,88236
A12,581379,WT,2,Top,2022_08_08,SB3,Plant_2_2022_08_08,Mitch,2022_08_08,581379
B1,213395,WT,2,Bottom,2022_08_08,SB3,Plant_2_2022_08_08,Mitch,2022_08_08,213395
B2,331123,WT,2,Bottom,2022_08_08,SB3,Plant_2_2022_08_08,Mitch,2022_08_08,331123
B3,445593,WT,2,Bottom,2022_08_08,SB3,Plant_2_2022_08_08,Mitch,2022_08_08,445593
B4,106610,WT,2,Bottom,2022_08_08,SB3,Plant_2_2022_08_08,Mitch,2022_08_08,106610
B5,416380,WT,3,Top,2022_08_08,SB3,Plant_3_2022_08_08,Mitch,2022_08_08,416380
B6,387344,WT,3,Top,2022_08_08,SB3,Plant_3_2022_08_08,Mitch,2022_08_08,387344
B7,498554,WT,3,Top,2022_08_08,SB3,Plant_3_2022_08_08,Mitch,2022_08_08,498554
B8,281822,WT,3,Top,2022_08_08,SB3,Plant_3_2022_08_08,Mitch,2022_08_08,281822
B9,265281,WT,3,Bottom,2022_08_08,SB3,Plant_3_2022_08_08,Mitch,2022_08_08,265281
B10,346763,WT,3,Bottom,2022_08_08,SB3,Plant_3_2022_08_08,Mitch,2022_08_08,346763
B11,395493,WT,3,Bottom,2022_08_08,SB3,Plant_3_2022_08_08,Mitch,2022_08_08,395493
B12,508631,WT,3,Bottom,2022_08_08,SB3,Plant_3_2022_08_08,Mitch,2022_08_08,508631
C1,414963,WT,4,Top,2022_08_08,SB3,Plant_4_2022_08_08,Mitch,2022_08_08,414963
C2,539342,WT,4,Top,2022_08_08,SB3,Plant_4_2022_08_08,Mitch,2022_08_08,539342
C3,563657,WT,4,Top,2022_08_08,SB3,Plant_4_2022_08_08,Mitch,2022_08_08,563657
C4,528137,WT,4,Top,2022_08_08,SB3,Plant_4_2022_08_08,Mitch,2022_08_08,528137
C5,340181,WT,4,Bottom,2022_08_08,SB3,Plant_4_2022_08_08,Mitch,2022_08_08,340181
C6,294997,WT,4,Bottom,2022_08_08,SB3,Plant_4_2022_08_08,Mitch,2022_08_08,294997
C7,121332,WT,4,Bottom,2022_08_08,SB3,Plant_4_2022_08_08,Mitch,2022_08_08,121332
C8,281007,WT,4,Bottom,2022_08_08,SB3,Plant_4_2022_08_08,Mitch,2022_08_08,281007
C9,80538,WT,5,Top,2022_08_08,SB3,Plant_5_2022_08_08,Mitch,2022_08_08,80538
C10,254319,WT,5,Top,2022_08_08,SB3,Plant_5_2022_08_08,Mitch,2022_08_08,254319
C11,612151,WT,5,Top,2022_08_08,SB3,Plant_5_2022_08_08,Mitch,2022_08_08,612151
C12,339715,WT,5,Top,2022_08_08,SB3,Plant_5_2022_08_08,Mitch,2022_08_08,339715
D1,375677,WT,5,Bottom,2022_08_08,SB3,Plant_5_2022_08_08,Mitch,2022_08_08,375677
D2,368534,WT,5,Bottom,2022_08_08,SB3,Plant_5_2022_08_08,Mitch,2022_08_08,368534
D3,244926,WT,5,Bottom,2022_08_08,SB3,Plant_5_2022_08_08,Mitch,2022_08_08,244926
D4,157530,WT,5,Bottom,2022_08_08,SB3,Plant_5_2022_08_08,Mitch,2022_08_08,157530
D5,279825,WT,6,Top,2022_08_08,SB3,Plant_6_2022_08_08,Mitch,2022_08_08,279825
D6,320838,WT,6,Top,2022_08_08,SB3,Plant_6_2022_08_08,Mitch,2022_08_08,320838
D7,271829,WT,6,Top,2022_08_08,SB3,Plant_6_2022_08_08,Mitch,2022_08_08,271829
D8,280878,WT,6,Top,2022_08_08,SB3,Plant_6_2022_08_08,Mitch,2022_08_08,280878
D9,379625,WT,6,Bottom,2022_08_08,SB3,Plant_6_2022_08_08,Mitch,2022_08_08,379625
D10,423557,WT,6,Bottom,2022_08_08,SB3,Plant_6_2022_08_08,Mitch,2022_08_08,423557
D11,254351,WT,6,Bottom,2022_08_08,SB3,Plant_6_2022_08_08,Mitch,2022_08_08,254351
D12,346098,WT,6,Bottom,2022_08_08,SB3,Plant_6_2022_08_08,Mitch,2022_08_08,346098
E1,166379,WT,7,Top,2022_08_08,SB3,Plant_7_2022_08_08,Mitch,2022_08_08,166379
E2,401787,WT,7,Top,2022_08_08,SB3,Plant_7_2022_08_08,Mitch,2022_08_08,401787
E3,549537,WT,7,Top,2022_08_08,SB3,Plant_7_2022_08_08,Mitch,2022_08_08,549537
E4,366669,WT,7,Top,2022_08_08,SB3,Plant_7_2022_08_08,Mitch,2022_08_08,366669
E5,88122,WT,7,Bottom,2022_08_08,SB3,Plant_7_2022_08_08,Mitch,2022_08_08,88122
E6,279649,WT,7,Bottom,2022_08_08,SB3,Plant_7_2022_08_08,Mitch,2022_08_08,279649
E7,23264,WT,7,Bottom,2022_08_08,SB3,Plant_7_2022_08_08,Mitch,2022_08_08,23264
E8,255828,WT,7,Bottom,2022_08_08,SB3,Plant_7_2022_08_08,Mitch,2022_08_08,255828
E9,426722,WT,8,Top,2022_08_08,SB3,Plant_8_2022_08_08,Mitch,2022_08_08,426722
E10,421724,WT,8,Top,2022_08_08,SB3,Plant_8_2022_08_08,Mitch,2022_08_08,421724
E11,393934,WT,8,Top,2022_08_08,SB3,Plant_8_2022_08_08,Mitch,2022_08_08,393934
E12,404106,WT,8,Top,2022_08_08,SB3,Plant_8_2022_08_08,Mitch,2022_08_08,404106
F1,111827,WT,8,Bottom,2022_08_08,SB3,Plant_8_2022_08_08,Mitch,2022_08_08,111827
F2,134764,WT,8,Bottom,2022_08_08,SB3,Plant_8_2022_08_08,Mitch,2022_08_08,134764
F3,372791,WT,8,Bottom,2022_08_08,SB3,Plant_8_2022_08_08,Mitch,2022_08_08,372791
F4,231875,WT,8,Bottom,2022_08_08,SB3,Plant_8_2022_08_08,Mitch,2022_08_08,231875
A1,651387,WT,1,Top,2022_06_06,SB3,Plant_1_2022_06_06,Mitch,2022_06_06,651387
A2,1121389,WT,1,Top,2022_06_06,SB3,Plant_1_2022_06_06,Mitch,2022_06_06,1121389
A3,688325,WT,1,Top,2022_06_06,SB3,Plant_1_2022_06_06,Mitch,2022_06_06,688325
A4,673891,WT,1,Top,2022_06_06,SB3,Plant_1_2022_06_06,Mitch,2022_06_06,673891
A5,294197,WT,1,Bottom,2022_06_06,SB3,Plant_1_2022_06_06,Mitch,2022_06_06,294197
A6,412545,WT,1,Bottom,2022_06_06,SB3,Plant_1_2022_06_06,Mitch,2022_06_06,412545
A7,414522,WT,1,Bottom,2022_06_06,SB3,Plant_1_2022_06_06,Mitch,2022_06_06,414522
A8,475514,WT,1,Bottom,2022_06_06,SB3,Plant_1_2022_06_06,Mitch,2022_06_06,475514
A9,517889,WT,2,Top,2022_06_06,SB3,Plant_2_2022_06_06,Mitch,2022_06_06,517889
A10,381892,WT,2,Top,2022_06_06,SB3,Plant_2_2022_06_06,Mitch,2022_06_06,381892
A11,565949,WT,2,Top,2022_06_06,SB3,Plant_2_2022_06_06,Mitch,2022_06_06,565949
A12,579217,WT,2,Top,2022_06_06,SB3,Plant_2_2022_06_06,Mitch,2022_06_06,579217
B1,208113,WT,2,Bottom,2022_06_06,SB3,Plant_2_2022_06_06,Mitch,2022_06_06,208113
B2,138084,WT,2,Bottom,2022_06_06,SB3,Plant_2_2022_06_06,Mitch,2022_06_06,138084
B3,295204,WT,2,Bottom,2022_06_06,SB3,Plant_2_2022_06_06,Mitch,2022_06_06,295204
B4,181693,WT,2,Bottom,2022_06_06,SB3,Plant_2_2022_06_06,Mitch,2022_06_06,181693
B5,553133,WT,3,Top,2022_06_06,SB3,Plant_3_2022_06_06,Mitch,2022_06_06,553133
B6,479524,WT,3,Top,2022_06_06,SB3,Plant_3_2022_06_06,Mitch,2022_06_06,479524
B7,478585,WT,3,Top,2022_06_06,SB3,Plant_3_2022_06_06,Mitch,2022_06_06,478585
B8,456231,WT,3,Top,2022_06_06,SB3,Plant_3_2022_06_06,Mitch,2022_06_06,456231
B9,388909,WT,3,Bottom,2022_06_06,SB3,Plant_3_2022_06_06,Mitch,2022_06_06,388909
B10,345044,WT,3,Bottom,2022_06_06,SB3,Plant_3_2022_06_06,Mitch,2022_06_06,345044
B11,312218,WT,3,Bottom,2022_06_06,SB3,Plant_3_2022_06_06,Mitch,2022_06_06,312218
B12,330591,WT,3,Bottom,2022_06_06,SB3,Plant_3_2022_06_06,Mitch,2022_06_06,330591
C1,488651,WT,4,Top,2022_06_06,SB3,Plant_4_2022_06_06,Mitch,2022_06_06,488651
C2,485382,WT,4,Top,2022_06_06,SB3,Plant_4_2022_06_06,Mitch,2022_06_06,485382
C3,448550,WT,4,Top,2022_06_06,SB3,Plant_4_2022_06_06,Mitch,2022_06_06,448550
C4,458536,WT,4,Top,2022_06_06,SB3,Plant_4_2022_06_06,Mitch,2022_06_06,458536
C5,106777,WT,4,Bottom,2022_06_06,SB3,Plant_4_2022_06_06,Mitch,2022_06_06,106777
C6,197873,WT,4,Bottom,2022_06_06,SB3,Plant_4_2022_06_06,Mitch,2022_06_06,197873
C7,334474,WT,4,Bottom,2022_06_06,SB3,Plant_4_2022_06_06,Mitch,2022_06_06,334474
C8,244748,WT,4,Bottom,2022_06_06,SB3,Plant_4_2022_06_06,Mitch,2022_06_06,244748
C9,334640,WT,5,Top,2022_06_06,SB3,Plant_5_2022_06_06,Mitch,2022_06_06,334640
C10,393255,WT,5,Top,2022_06_06,SB3,Plant_5_2022_06_06,Mitch,2022_06_06,393255
C11,377224,WT,5,Top,2022_06_06,SB3,Plant_5_2022_06_06,Mitch,2022_06_06,377224
C12,342323,WT,5,Top,2022_06_06,SB3,Plant_5_2022_06_06,Mitch,2022_06_06,342323
D1,65671,WT,5,Bottom,2022_06_06,SB3,Plant_5_2022_06_06,Mitch,2022_06_06,65671
D2,166742,WT,5,Bottom,2022_06_06,SB3,Plant_5_2022_06_06,Mitch,2022_06_06,166742
D3,158807,WT,5,Bottom,2022_06_06,SB3,Plant_5_2022_06_06,Mitch,2022_06_06,158807
D4,86517,WT,5,Bottom,2022_06_06,SB3,Plant_5_2022_06_06,Mitch,2022_06_06,86517
F5,799,Leaf,1,Top,2022_06_06,SB3,Plant_1_2022_06_06,Mitch,2022_06_06,799
F6,696,Leaf,1,Top,2022_06_06,SB3,Plant_1_2022_06_06,Mitch,2022_06_06,696
F7,700,Leaf,1,Top,2022_06_06,SB3,Plant_1_2022_06_06,Mitch,2022_06_06,700
F8,752,Leaf,1,Top,2022_06_06,SB3,Plant_1_2022_06_06,Mitch,2022_06_06,752
F9,702,Leaf,1,Bottom,2022_06_06,SB3,Plant_1_2022_06_06,Mitch,2022_06_06,702
F10,729,Leaf,1,Bottom,2022_06_06,SB3,Plant_1_2022_06_06,Mitch,2022_06_06,729
F11,680,Leaf,1,Bottom,2022_06_06,SB3,Plant_1_2022_06_06,Mitch,2022_06_06,680
F12,679,Leaf,1,Bottom,2022_06_06,SB3,Plant_1_2022_06_06,Mitch,2022_06_06,679
G1,628,Leaf,2,Top,2022_06_06,SB3,Plant_2_2022_06_06,Mitch,2022_06_06,628
G2,548,Leaf,2,Top,2022_06_06,SB3,Plant_2_2022_06_06,Mitch,2022_06_06,548
G3,574,Leaf,2,Top,2022_06_06,SB3,Plant_2_2022_06_06,Mitch,2022_06_06,574
G4,576,Leaf,2,Top,2022_06_06,SB3,Plant_2_2022_06_06,Mitch,2022_06_06,576
G5,579,Leaf,2,Bottom,2022_06_06,SB3,Plant_2_2022_06_06,Mitch,2022_06_06,579
G6,609,Leaf,2,Bottom,2022_06_06,SB3,Plant_2_2022_06_06,Mitch,2022_06_06,609
G7,626,Leaf,2,Bottom,2022_06_06,SB3,Plant_2_2022_06_06,Mitch,2022_06_06,626
G8,659,Leaf,2,Bottom,2022_06_06,SB3,Plant_2_2022_06_06,Mitch,2022_06_06,659
G9,671,Leaf,3,Top,2022_06_06,SB3,Plant_3_2022_06_06,Mitch,2022_06_06,671
G10,614,Leaf,3,Top,2022_06_06,SB3,Plant_3_2022_06_06,Mitch,2022_06_06,614
G11,641,Leaf,3,Top,2022_06_06,SB3,Plant_3_2022_06_06,Mitch,2022_06_06,641
G12,642,Leaf,3,Top,2022_06_06,SB3,Plant_3_2022_06_06,Mitch,2022_06_06,642
H1,610,Leaf,3,Bottom,2022_06_06,SB3,Plant_3_2022_06_06,Mitch,2022_06_06,610
H2,637,Leaf,3,Bottom,2022_06_06,SB3,Plant_3_2022_06_06,Mitch,2022_06_06,637
H3,628,Leaf,3,Bottom,2022_06_06,SB3,Plant_3_2022_06_06,Mitch,2022_06_06,628
H4,599,Leaf,3,Bottom,2022_06_06,SB3,Plant_3_2022_06_06,Mitch,2022_06_06,599
H5,554,Leaf,4,Top,2022_06_06,SB3,Plant_4_2022_06_06,Mitch,2022_06_06,554
H6,582,Leaf,4,Top,2022_06_06,SB3,Plant_4_2022_06_06,Mitch,2022_06_06,582
H7,559,Leaf,4,Top,2022_06_06,SB3,Plant_4_2022_06_06,Mitch,2022_06_06,559
H8,595,Leaf,4,Top,2022_06_06,SB3,Plant_4_2022_06_06,Mitch,2022_06_06,595
H9,897,Leaf,4,Bottom,2022_06_06,SB3,Plant_4_2022_06_06,Mitch,2022_06_06,897
H10,834,Leaf,4,Bottom,2022_06_06,SB3,Plant_4_2022_06_06,Mitch,2022_06_06,834
H11,814,Leaf,4,Bottom,2022_06_06,SB3,Plant_4_2022_06_06,Mitch,2022_06_06,814
H12,866,Leaf,4,Bottom,2022_06_06,SB3,Plant_4_2022_06_06,Mitch,2022_06_06,866
A1,376940,WT,1,Top,2022_06_13,SB3,Plant_1_2022_06_13,Mitch,2022_06_13,376940
A2,268784,WT,1,Top,2022_06_13,SB3,Plant_1_2022_06_13,Mitch,2022_06_13,268784
A3,400582,WT,1,Top,2022_06_13,SB3,Plant_1_2022_06_13,Mitch,2022_06_13,400582
A4,307829,WT,1,Top,2022_06_13,SB3,Plant_1_2022_06_13,Mitch,2022_06_13,307829
A5,570118,WT,1,Bottom,2022_06_13,SB3,Plant_1_2022_06_13,Mitch,2022_06_13,570118
A6,415447,WT,1,Bottom,2022_06_13,SB3,Plant_1_2022_06_13,Mitch,2022_06_13,415447
A7,468338,WT,1,Bottom,2022_06_13,SB3,Plant_1_2022_06_13,Mitch,2022_06_13,468338
A8,421321,WT,1,Bottom,2022_06_13,SB3,Plant_1_2022_06_13,Mitch,2022_06_13,421321
A9,448837,WT,2,Top,2022_06_13,SB3,Plant_2_2022_06_13,Mitch,2022_06_13,448837
A10,449269,WT,2,Top,2022_06_13,SB3,Plant_2_2022_06_13,Mitch,2022_06_13,449269
A11,467783,WT,2,Top,2022_06_13,SB3,Plant_2_2022_06_13,Mitch,2022_06_13,467783
A12,487377,WT,2,Top,2022_06_13,SB3,Plant_2_2022_06_13,Mitch,2022_06_13,487377
B1,182113,WT,2,Bottom,2022_06_13,SB3,Plant_2_2022_06_13,Mitch,2022_06_13,182113
B2,288587,WT,2,Bottom,2022_06_13,SB3,Plant_2_2022_06_13,Mitch,2022_06_13,288587
B3,197957,WT,2,Bottom,2022_06_13,SB3,Plant_2_2022_06_13,Mitch,2022_06_13,197957
B4,131386,WT,2,Bottom,2022_06_13,SB3,Plant_2_2022_06_13,Mitch,2022_06_13,131386
B5,489152,WT,3,Top,2022_06_13,SB3,Plant_3_2022_06_13,Mitch,2022_06_13,489152
B6,453507,WT,3,Top,2022_06_13,SB3,Plant_3_2022_06_13,Mitch,2022_06_13,453507
B7,491032,WT,3,Top,2022_06_13,SB3,Plant_3_2022_06_13,Mitch,2022_06_13,491032
B8,281714,WT,3,Top,2022_06_13,SB3,Plant_3_2022_06_13,Mitch,2022_06_13,281714
B9,512635,WT,3,Bottom,2022_06_13,SB3,Plant_3_2022_06_13,Mitch,2022_06_13,512635
B10,508276,WT,3,Bottom,2022_06_13,SB3,Plant_3_2022_06_13,Mitch,2022_06_13,508276
B11,607716,WT,3,Bottom,2022_06_13,SB3,Plant_3_2022_06_13,Mitch,2022_06_13,607716
B12,637861,WT,3,Bottom,2022_06_13,SB3,Plant_3_2022_06_13,Mitch,2022_06_13,637861
C1,474585,WT,4,Top,2022_06_13,SB3,Plant_4_2022_06_13,Mitch,2022_06_13,474585
C2,649278,WT,4,Top,2022_06_13,SB3,Plant_4_2022_06_13,Mitch,2022_06_13,649278
C3,532503,WT,4,Top,2022_06_13,SB3,Plant_4_2022_06_13,Mitch,2022_06_13,532503
C4,697512,WT,4,Top,2022_06_13,SB3,Plant_4_2022_06_13,Mitch,2022_06_13,697512
C5,560567,WT,4,Bottom,2022_06_13,SB3,Plant_4_2022_06_13,Mitch,2022_06_13,560567
C6,492765,WT,4,Bottom,2022_06_13,SB3,Plant_4_2022_06_13,Mitch,2022_06_13,492765
C7,450121,WT,4,Bottom,2022_06_13,SB3,Plant_4_2022_06_13,Mitch,2022_06_13,450121
C8,547600,WT,4,Bottom,2022_06_13,SB3,Plant_4_2022_06_13,Mitch,2022_06_13,547600
C9,441791,WT,5,Top,2022_06_13,SB3,Plant_5_2022_06_13,Mitch,2022_06_13,441791
C10,435009,WT,5,Top,2022_06_13,SB3,Plant_5_2022_06_13,Mitch,2022_06_13,435009
C11,401050,WT,5,Top,2022_06_13,SB3,Plant_5_2022_06_13,Mitch,2022_06_13,401050
C12,530996,WT,5,Top,2022_06_13,SB3,Plant_5_2022_06_13,Mitch,2022_06_13,530996
D1,450948,WT,5,Bottom,2022_06_13,SB3,Plant_5_2022_06_13,Mitch,2022_06_13,450948
D2,573818,WT,5,Bottom,2022_06_13,SB3,Plant_5_2022_06_13,Mitch,2022_06_13,573818
D3,483950,WT,5,Bottom,2022_06_13,SB3,Plant_5_2022_06_13,Mitch,2022_06_13,483950
D4,406313,WT,5,Bottom,2022_06_13,SB3,Plant_5_2022_06_13,Mitch,2022_06_13,406313
A1,253239,WT,1,Top,2022_09_19,SB3,Plant_1_2022_09_19,Mitch,2022_09_19,253239
A2,198311,WT,1,Top,2022_09_19,SB3,Plant_1_2022_09_19,Mitch,2022_09_19,198311
A3,235952,WT,1,Top,2022_09_19,SB3,Plant_1_2022_09_19,Mitch,2022_09_19,235952
A4,208438,WT,1,Top,2022_09_19,SB3,Plant_1_2022_09_19,Mitch,2022_09_19,208438
A5,370471,WT,1,Bottom,2022_09_19,SB3,Plant_1_2022_09_19,Mitch,2022_09_19,370471
A6,437002,WT,1,Bottom,2022_09_19,SB3,Plant_1_2022_09_19,Mitch,2022_09_19,437002
A7,324598,WT,1,Bottom,2022_09_19,SB3,Plant_1_2022_09_19,Mitch,2022_09_19,324598
A8,377169,WT,1,Bottom,2022_09_19,SB3,Plant_1_2022_09_19,Mitch,2022_09_19,377169
A9,580718,WT,2,Top,2022_09_19,SB3,Plant_2_2022_09_19,Mitch,2022_09_19,580718
A10,358777,WT,2,Top,2022_09_19,SB3,Plant_2_2022_09_19,Mitch,2022_09_19,358777
A11,472118,WT,2,Top,2022_09_19,SB3,Plant_2_2022_09_19,Mitch,2022_09_19,472118
A12,584526,WT,2,Top,2022_09_19,SB3,Plant_2_2022_09_19,Mitch,2022_09_19,584526
B1,332714,WT,2,Bottom,2022_09_19,SB3,Plant_2_2022_09_19,Mitch,2022_09_19,332714
B2,285960,WT,2,Bottom,2022_09_19,SB3,Plant_2_2022_09_19,Mitch,2022_09_19,285960
B3,332386,WT,2,Bottom,2022_09_19,SB3,Plant_2_2022_09_19,Mitch,2022_09_19,332386
B4,111274,WT,2,Bottom,2022_09_19,SB3,Plant_2_2022_09_19,Mitch,2022_09_19,111274
B5,379227,WT,3,Top,2022_09_19,SB3,Plant_3_2022_09_19,Mitch,2022_09_19,379227
B6,399128,WT,3,Top,2022_09_19,SB3,Plant_3_2022_09_19,Mitch,2022_09_19,399128
B7,407850,WT,3,Top,2022_09_19,SB3,Plant_3_2022_09_19,Mitch,2022_09_19,407850
B8,446695,WT,3,Top,2022_09_19,SB3,Plant_3_2022_09_19,Mitch,2022_09_19,446695
B9,181948,WT,3,Bottom,2022_09_19,SB3,Plant_3_2022_09_19,Mitch,2022_09_19,181948
B10,179427,WT,3,Bottom,2022_09_19,SB3,Plant_3_2022_09_19,Mitch,2022_09_19,179427
B11,224034,WT,3,Bottom,2022_09_19,SB3,Plant_3_2022_09_19,Mitch,2022_09_19,224034
B12,394933,WT,3,Bottom,2022_09_19,SB3,Plant_3_2022_09_19,Mitch,2022_09_19,394933
C1,362440,WT,4,Top,2022_09_19,SB3,Plant_4_2022_09_19,Mitch,2022_09_19,362440
C2,283894,WT,4,Top,2022_09_19,SB3,Plant_4_2022_09_19,Mitch,2022_09_19,283894
C3,376399,WT,4,Top,2022_09_19,SB3,Plant_4_2022_09_19,Mitch,2022_09_19,376399
C4,280052,WT,4,Top,2022_09_19,SB3,Plant_4_2022_09_19,Mitch,2022_09_19,280052
C5,296212,WT,4,Bottom,2022_09_19,SB3,Plant_4_2022_09_19,Mitch,2022_09_19,296212
C6,252469,WT,4,Bottom,2022_09_19,SB3,Plant_4_2022_09_19,Mitch,2022_09_19,252469
C7,266459,WT,4,Bottom,2022_09_19,SB3,Plant_4_2022_09_19,Mitch,2022_09_19,266459
C8,187028,WT,4,Bottom,2022_09_19,SB3,Plant_4_2022_09_19,Mitch,2022_09_19,187028
C9,316905,WT,5,Top,2022_09_19,SB3,Plant_5_2022_09_19,Mitch,2022_09_19,316905
C10,343832,WT,5,Top,2022_09_19,SB3,Plant_5_2022_09_19,Mitch,2022_09_19,343832
C11,425072,WT,5,Top,2022_09_19,SB3,Plant_5_2022_09_19,Mitch,2022_09_19,425072
C12,352938,WT,5,Top,2022_09_19,SB3,Plant_5_2022_09_19,Mitch,2022_09_19,352938
D1,297452,WT,5,Bottom,2022_09_19,SB3,Plant_5_2022_09_19,Mitch,2022_09_19,297452
D2,275260,WT,5,Bottom,2022_09_19,SB3,Plant_5_2022_09_19,Mitch,2022_09_19,275260
D3,358022,WT,5,Bottom,2022_09_19,SB3,Plant_5_2022_09_19,Mitch,2022_09_19,358022
D4,293154,WT,5,Bottom,2022_09_19,SB3,Plant_5_2022_09_19,Mitch,2022_09_19,293154
D5,403938,WT,6,Top,2022_09_19,SB3,Plant_6_2022_09_19,Mitch,2022_09_19,403938
D6,573762,WT,6,Top,2022_09_19,SB3,Plant_6_2022_09_19,Mitch,2022_09_19,573762
D7,406611,WT,6,Top,2022_09_19,SB3,Plant_6_2022_09_19,Mitch,2022_09_19,406611
D8,484533,WT,6,Top,2022_09_19,SB3,Plant_6_2022_09_19,Mitch,2022_09_19,484533
D9,391378,WT,6,Bottom,2022_09_19,SB3,Plant_6_2022_09_19,Mitch,2022_09_19,391378
D10,181187,WT,6,Bottom,2022_09_19,SB3,Plant_6_2022_09_19,Mitch,2022_09_19,181187
D11,222899,WT,6,Bottom,2022_09_19,SB3,Plant_6_2022_09_19,Mitch,2022_09_19,222899
D12,316740,WT,6,Bottom,2022_09_19,SB3,Plant_6_2022_09_19,Mitch,2022_09_19,316740
E1,368690,WT,7,Top,2022_09_19,SB3,Plant_7_2022_09_19,Mitch,2022_09_19,368690
E2,396103,WT,7,Top,2022_09_19,SB3,Plant_7_2022_09_19,Mitch,2022_09_19,396103
E3,359470,WT,7,Top,2022_09_19,SB3,Plant_7_2022_09_19,Mitch,2022_09_19,359470
E4,359939,WT,7,Top,2022_09_19,SB3,Plant_7_2022_09_19,Mitch,2022_09_19,359939
E5,253808,WT,7,Bottom,2022_09_19,SB3,Plant_7_2022_09_19,Mitch,2022_09_19,253808
E6,291273,WT,7,Bottom,2022_09_19,SB3,Plant_7_2022_09_19,Mitch,2022_09_19,291273
E7,256662,WT,7,Bottom,2022_09_19,SB3,Plant_7_2022_09_19,Mitch,2022_09_19,256662
E8,254544,WT,7,Bottom,2022_09_19,SB3,Plant_7_2022_09_19,Mitch,2022_09_19,254544
E9,251110,WT,8,Top,2022_09_19,SB3,Plant_8_2022_09_19,Mitch,2022_09_19,251110
E10,604772,WT,8,Top,2022_09_19,SB3,Plant_8_2022_09_19,Mitch,2022_09_19,604772
E11,302920,WT,8,Top,2022_09_19,SB3,Plant_8_2022_09_19,Mitch,2022_09_19,302920
E12,384613,WT,8,Top,2022_09_19,SB3,Plant_8_2022_09_19,Mitch,2022_09_19,384613
F1,286078,WT,8,Bottom,2022_09_19,SB3,Plant_8_2022_09_19,Mitch,2022_09_19,286078
F2,341175,WT,8,Bottom,2022_09_19,SB3,Plant_8_2022_09_19,Mitch,2022_09_19,341175
F3,356939,WT,8,Bottom,2022_09_19,SB3,Plant_8_2022_09_19,Mitch,2022_09_19,356939
F4,259708,WT,8,Bottom,2022_09_19,SB3,Plant_8_2022_09_19,Mitch,2022_09_19,259708
A1,590484,WT,1,Top,2022_09_05,SB3,Plant_1_2022_09_05,Mitch,2022_09_05,590484
A2,507461,WT,1,Top,2022_09_05,SB3,Plant_1_2022_09_05,Mitch,2022_09_05,507461
A3,632063,WT,1,Top,2022_09_05,SB3,Plant_1_2022_09_05,Mitch,2022_09_05,632063
A4,412717,WT,1,Top,2022_09_05,SB3,Plant_1_2022_09_05,Mitch,2022_09_05,412717
A5,237246,WT,1,Bottom,2022_09_05,SB3,Plant_1_2022_09_05,Mitch,2022_09_05,237246
A6,251805,WT,1,Bottom,2022_09_05,SB3,Plant_1_2022_09_05,Mitch,2022_09_05,251805
A7,281050,WT,1,Bottom,2022_09_05,SB3,Plant_1_2022_09_05,Mitch,2022_09_05,281050
A8,374315,WT,1,Bottom,2022_09_05,SB3,Plant_1_2022_09_05,Mitch,2022_09_05,374315
A9,479970,WT,2,Top,2022_09_05,SB3,Plant_2_2022_09_05,Mitch,2022_09_05,479970
A10,392237,WT,2,Top,2022_09_05,SB3,Plant_2_2022_09_05,Mitch,2022_09_05,392237
A11,402552,WT,2,Top,2022_09_05,SB3,Plant_2_2022_09_05,Mitch,2022_09_05,402552
A12,364444,WT,2,Top,2022_09_05,SB3,Plant_2_2022_09_05,Mitch,2022_09_05,364444
B1,293063,WT,2,Bottom,2022_09_05,SB3,Plant_2_2022_09_05,Mitch,2022_09_05,293063
B2,315931,WT,2,Bottom,2022_09_05,SB3,Plant_2_2022_09_05,Mitch,2022_09_05,315931
B3,293703,WT,2,Bottom,2022_09_05,SB3,Plant_2_2022_09_05,Mitch,2022_09_05,293703
B4,311598,WT,2,Bottom,2022_09_05,SB3,Plant_2_2022_09_05,Mitch,2022_09_05,311598
B5,477752,WT,3,Top,2022_09_05,SB3,Plant_3_2022_09_05,Mitch,2022_09_05,477752
B6,490899,WT,3,Top,2022_09_05,SB3,Plant_3_2022_09_05,Mitch,2022_09_05,490899
B7,364688,WT,3,Top,2022_09_05,SB3,Plant_3_2022_09_05,Mitch,2022_09_05,364688
B8,333995,WT,3,Top,2022_09_05,SB3,Plant_3_2022_09_05,Mitch,2022_09_05,333995
B9,291140,WT,3,Bottom,2022_09_05,SB3,Plant_3_2022_09_05,Mitch,2022_09_05,291140
B10,257067,WT,3,Bottom,2022_09_05,SB3,Plant_3_2022_09_05,Mitch,2022_09_05,257067
B11,298535,WT,3,Bottom,2022_09_05,SB3,Plant_3_2022_09_05,Mitch,2022_09_05,298535
B12,349102,WT,3,Bottom,2022_09_05,SB3,Plant_3_2022_09_05,Mitch,2022_09_05,349102
C1,345898,WT,4,Top,2022_09_05,SB3,Plant_4_2022_09_05,Mitch,2022_09_05,345898
C2,448795,WT,4,Top,2022_09_05,SB3,Plant_4_2022_09_05,Mitch,2022_09_05,448795
C3,328313,WT,4,Top,2022_09_05,SB3,Plant_4_2022_09_05,Mitch,2022_09_05,328313
C4,394519,WT,4,Top,2022_09_05,SB3,Plant_4_2022_09_05,Mitch,2022_09_05,394519
C5,460857,WT,4,Bottom,2022_09_05,SB3,Plant_4_2022_09_05,Mitch,2022_09_05,460857
C6,251792,WT,4,Bottom,2022_09_05,SB3,Plant_4_2022_09_05,Mitch,2022_09_05,251792
C7,230549,WT,4,Bottom,2022_09_05,SB3,Plant_4_2022_09_05,Mitch,2022_09_05,230549
C8,329776,WT,4,Bottom,2022_09_05,SB3,Plant_4_2022_09_05,Mitch,2022_09_05,329776
C9,327251,WT,5,Top,2022_09_05,SB3,Plant_5_2022_09_05,Mitch,2022_09_05,327251
C10,268113,WT,5,Top,2022_09_05,SB3,Plant_5_2022_09_05,Mitch,2022_09_05,268113
C11,342735,WT,5,Top,2022_09_05,SB3,Plant_5_2022_09_05,Mitch,2022_09_05,342735
C12,422058,WT,5,Top,2022_09_05,SB3,Plant_5_2022_09_05,Mitch,2022_09_05,422058
D1,236018,WT,5,Bottom,2022_09_05,SB3,Plant_5_2022_09_05,Mitch,2022_09_05,236018
D2,252507,WT,5,Bottom,2022_09_05,SB3,Plant_5_2022_09_05,Mitch,2022_09_05,252507
D3,355975,WT,5,Bottom,2022_09_05,SB3,Plant_5_2022_09_05,Mitch,2022_09_05,355975
D4,337160,WT,5,Bottom,2022_09_05,SB3,Plant_5_2022_09_05,Mitch,2022_09_05,337160
D5,534721,WT,6,Top,2022_09_05,SB3,Plant_6_2022_09_05,Mitch,2022_09_05,534721
D6,415221,WT,6,Top,2022_09_05,SB3,Plant_6_2022_09_05,Mitch,2022_09_05,415221
D7,455762,WT,6,Top,2022_09_05,SB3,Plant_6_2022_09_05,Mitch,2022_09_05,455762
D8,424448,WT,6,Top,2022_09_05,SB3,Plant_6_2022_09_05,Mitch,2022_09_05,424448
D9,467106,WT,6,Bottom,2022_09_05,SB3,Plant_6_2022_09_05,Mitch,2022_09_05,467106
D10,345549,WT,6,Bottom,2022_09_05,SB3,Plant_6_2022_09_05,Mitch,2022_09_05,345549
D11,409120,WT,6,Bottom,2022_09_05,SB3,Plant_6_2022_09_05,Mitch,2022_09_05,409120
D12,414870,WT,6,Bottom,2022_09_05,SB3,Plant_6_2022_09_05,Mitch,2022_09_05,414870
E1,544694,WT,7,Top,2022_09_05,SB3,Plant_7_2022_09_05,Mitch,2022_09_05,544694
E2,354355,WT,7,Top,2022_09_05,SB3,Plant_7_2022_09_05,Mitch,2022_09_05,354355
E3,450530,WT,7,Top,2022_09_05,SB3,Plant_7_2022_09_05,Mitch,2022_09_05,450530
E4,517285,WT,7,Top,2022_09_05,SB3,Plant_7_2022_09_05,Mitch,2022_09_05,517285
E5,411521,WT,7,Bottom,2022_09_05,SB3,Plant_7_2022_09_05,Mitch,2022_09_05,411521
E6,293201,WT,7,Bottom,2022_09_05,SB3,Plant_7_2022_09_05,Mitch,2022_09_05,293201
E7,323270,WT,7,Bottom,2022_09_05,SB3,Plant_7_2022_09_05,Mitch,2022_09_05,323270
E8,283777,WT,7,Bottom,2022_09_05,SB3,Plant_7_2022_09_05,Mitch,2022_09_05,283777
E9,218558,WT,8,Top,2022_09_05,SB3,Plant_8_2022_09_05,Mitch,2022_09_05,218558
E10,234541,WT,8,Top,2022_09_05,SB3,Plant_8_2022_09_05,Mitch,2022_09_05,234541
E11,317368,WT,8,Top,2022_09_05,SB3,Plant_8_2022_09_05,Mitch,2022_09_05,317368
E12,326938,WT,8,Top,2022_09_05,SB3,Plant_8_2022_09_05,Mitch,2022_09_05,326938
F1,350991,WT,8,Bottom,2022_09_05,SB3,Plant_8_2022_09_05,Mitch,2022_09_05,350991
F2,348557,WT,8,Bottom,2022_09_05,SB3,Plant_8_2022_09_05,Mitch,2022_09_05,348557
F3,434295,WT,8,Bottom,2022_09_05,SB3,Plant_8_2022_09_05,Mitch,2022_09_05,434295
F4,440599,WT,8,Bottom,2022_09_05,SB3,Plant_8_2022_09_05,Mitch,2022_09_05,440599
F5,563,Leaf,1,Top,2022_09_05,SB3,Plant_1_2022_09_05,Mitch,2022_09_05,563
F6,676,Leaf,1,Top,2022_09_05,SB3,Plant_1_2022_09_05,Mitch,2022_09_05,676
F7,728,Leaf,1,Top,2022_09_05,SB3,Plant_1_2022_09_05,Mitch,2022_09_05,728
F8,688,Leaf,1,Top,2022_09_05,SB3,Plant_1_2022_09_05,Mitch,2022_09_05,688
F9,676,Leaf,1,Bottom,2022_09_05,SB3,Plant_1_2022_09_05,Mitch,2022_09_05,676
F10,712,Leaf,1,Bottom,2022_09_05,SB3,Plant_1_2022_09_05,Mitch,2022_09_05,712
F11,710,Leaf,1,Bottom,2022_09_05,SB3,Plant_1_2022_09_05,Mitch,2022_09_05,710
F12,702,Leaf,1,Bottom,2022_09_05,SB3,Plant_1_2022_09_05,Mitch,2022_09_05,702
G1,848,Leaf,2,Top,2022_09_05,SB3,Plant_2_2022_09_05,Mitch,2022_09_05,848
G2,717,Leaf,2,Top,2022_09_05,SB3,Plant_2_2022_09_05,Mitch,2022_09_05,717
G3,795,Leaf,2,Top,2022_09_05,SB3,Plant_2_2022_09_05,Mitch,2022_09_05,795
G4,834,Leaf,2,Top,2022_09_05,SB3,Plant_2_2022_09_05,Mitch,2022_09_05,834
A1,185108,WT,1,Top,2022_07_25,SB3,Plant_1_2022_07_25,Mitch,2022_07_25,185108
A2,254153,WT,1,Top,2022_07_25,SB3,Plant_1_2022_07_25,Mitch,2022_07_25,254153
A3,196532,WT,1,Top,2022_07_25,SB3,Plant_1_2022_07_25,Mitch,2022_07_25,196532
A4,241462,WT,1,Top,2022_07_25,SB3,Plant_1_2022_07_25,Mitch,2022_07_25,241462
A5,221387,WT,1,Bottom,2022_07_25,SB3,Plant_1_2022_07_25,Mitch,2022_07_25,221387
A6,120062,WT,1,Bottom,2022_07_25,SB3,Plant_1_2022_07_25,Mitch,2022_07_25,120062
A7,269450,WT,1,Bottom,2022_07_25,SB3,Plant_1_2022_07_25,Mitch,2022_07_25,269450
A8,324098,WT,1,Bottom,2022_07_25,SB3,Plant_1_2022_07_25,Mitch,2022_07_25,324098
A9,120149,WT,2,Top,2022_07_25,SB3,Plant_2_2022_07_25,Mitch,2022_07_25,120149
A10,174979,WT,2,Top,2022_07_25,SB3,Plant_2_2022_07_25,Mitch,2022_07_25,174979
A11,239699,WT,2,Top,2022_07_25,SB3,Plant_2_2022_07_25,Mitch,2022_07_25,239699
A12,252974,WT,2,Top,2022_07_25,SB3,Plant_2_2022_07_25,Mitch,2022_07_25,252974
B1,135280,WT,2,Bottom,2022_07_25,SB3,Plant_2_2022_07_25,Mitch,2022_07_25,135280
B2,172712,WT,2,Bottom,2022_07_25,SB3,Plant_2_2022_07_25,Mitch,2022_07_25,172712
B3,162236,WT,2,Bottom,2022_07_25,SB3,Plant_2_2022_07_25,Mitch,2022_07_25,162236
B4,249713,WT,2,Bottom,2022_07_25,SB3,Plant_2_2022_07_25,Mitch,2022_07_25,249713
B5,426592,WT,3,Top,2022_07_25,SB3,Plant_3_2022_07_25,Mitch,2022_07_25,426592
B6,247879,WT,3,Top,2022_07_25,SB3,Plant_3_2022_07_25,Mitch,2022_07_25,247879
B7,256653,WT,3,Top,2022_07_25,SB3,Plant_3_2022_07_25,Mitch,2022_07_25,256653
B8,353158,WT,3,Top,2022_07_25,SB3,Plant_3_2022_07_25,Mitch,2022_07_25,353158
B9,396597,WT,3,Bottom,2022_07_25,SB3,Plant_3_2022_07_25,Mitch,2022_07_25,396597
B10,384252,WT,3,Bottom,2022_07_25,SB3,Plant_3_2022_07_25,Mitch,2022_07_25,384252
B11,377760,WT,3,Bottom,2022_07_25,SB3,Plant_3_2022_07_25,Mitch,2022_07_25,377760
B12,355215,WT,3,Bottom,2022_07_25,SB3,Plant_3_2022_07_25,Mitch,2022_07_25,355215
C1,284317,WT,4,Top,2022_07_25,SB3,Plant_4_2022_07_25,Mitch,2022_07_25,284317
C2,429449,WT,4,Top,2022_07_25,SB3,Plant_4_2022_07_25,Mitch,2022_07_25,429449
C3,392968,WT,4,Top,2022_07_25,SB3,Plant_4_2022_07_25,Mitch,2022_07_25,392968
C4,251285,WT,4,Top,2022_07_25,SB3,Plant_4_2022_07_25,Mitch,2022_07_25,251285
C5,196636,WT,4,Bottom,2022_07_25,SB3,Plant_4_2022_07_25,Mitch,2022_07_25,196636
C6,172680,WT,4,Bottom,2022_07_25,SB3,Plant_4_2022_07_25,Mitch,2022_07_25,172680
C7,281516,WT,4,Bottom,2022_07_25,SB3,Plant_4_2022_07_25,Mitch,2022_07_25,281516
C8,210174,WT,4,Bottom,2022_07_25,SB3,Plant_4_2022_07_25,Mitch,2022_07_25,210174
C9,173813,WT,5,Top,2022_07_25,SB3,Plant_5_2022_07_25,Mitch,2022_07_25,173813
C10,272888,WT,5,Top,2022_07_25,SB3,Plant_5_2022_07_25,Mitch,2022_07_25,272888
C11,177590,WT,5,Top,2022_07_25,SB3,Plant_5_2022_07_25,Mitch,2022_07_25,177590
C12,357989,WT,5,Top,2022_07_25,SB3,Plant_5_2022_07_25,Mitch,2022_07_25,357989
D1,372310,WT,5,Bottom,2022_07_25,SB3,Plant_5_2022_07_25,Mitch,2022_07_25,372310
D2,469282,WT,5,Bottom,2022_07_25,SB3,Plant_5_2022_07_25,Mitch,2022_07_25,469282
D3,543309,WT,5,Bottom,2022_07_25,SB3,Plant_5_2022_07_25,Mitch,2022_07_25,543309
D4,325472,WT,5,Bottom,2022_07_25,SB3,Plant_5_2022_07_25,Mitch,2022_07_25,325472
D5,276394,WT,6,Top,2022_07_25,SB3,Plant_6_2022_07_25,Mitch,2022_07_25,276394
D6,343566,WT,6,Top,2022_07_25,SB3,Plant_6_2022_07_25,Mitch,2022_07_25,343566
D7,274840,WT,6,Top,2022_07_25,SB3,Plant_6_2022_07_25,Mitch,2022_07_25,274840
D8,199017,WT,6,Top,2022_07_25,SB3,Plant_6_2022_07_25,Mitch,2022_07_25,199017
D9,350741,WT,6,Bottom,2022_07_25,SB3,Plant_6_2022_07_25,Mitch,2022_07_25,350741
D10,238374,WT,6,Bottom,2022_07_25,SB3,Plant_6_2022_07_25,Mitch,2022_07_25,238374
D11,204013,WT,6,Bottom,2022_07_25,SB3,Plant_6_2022_07_25,Mitch,2022_07_25,204013
D12,235468,WT,6,Bottom,2022_07_25,SB3,Plant_6_2022_07_25,Mitch,2022_07_25,235468
E1,378198,WT,7,Top,2022_07_25,SB3,Plant_7_2022_07_25,Mitch,2022_07_25,378198
E2,287055,WT,7,Top,2022_07_25,SB3,Plant_7_2022_07_25,Mitch,2022_07_25,287055
E3,260725,WT,7,Top,2022_07_25,SB3,Plant_7_2022_07_25,Mitch,2022_07_25,260725
E4,227782,WT,7,Top,2022_07_25,SB3,Plant_7_2022_07_25,Mitch,2022_07_25,227782
E5,240654,WT,7,Bottom,2022_07_25,SB3,Plant_7_2022_07_25,Mitch,2022_07_25,240654
E6,264204,WT,7,Bottom,2022_07_25,SB3,Plant_7_2022_07_25,Mitch,2022_07_25,264204
E7,266372,WT,7,Bottom,2022_07_25,SB3,Plant_7_2022_07_25,Mitch,2022_07_25,266372
E8,342933,WT,7,Bottom,2022_07_25,SB3,Plant_7_2022_07_25,Mitch,2022_07_25,342933
E9,157693,WT,8,Top,2022_07_25,SB3,Plant_8_2022_07_25,Mitch,2022_07_25,157693
E10,120715,WT,8,Top,2022_07_25,SB3,Plant_8_2022_07_25,Mitch,2022_07_25,120715
E11,177279,WT,8,Top,2022_07_25,SB3,Plant_8_2022_07_25,Mitch,2022_07_25,177279
E12,269285,WT,8,Top,2022_07_25,SB3,Plant_8_2022_07_25,Mitch,2022_07_25,269285
F1,250231,WT,8,Bottom,2022_07_25,SB3,Plant_8_2022_07_25,Mitch,2022_07_25,250231
F2,295924,WT,8,Bottom,2022_07_25,SB3,Plant_8_2022_07_25,Mitch,2022_07_25,295924
F3,159916,WT,8,Bottom,2022_07_25,SB3,Plant_8_2022_07_25,Mitch,2022_07_25,159916
F4,333845,WT,8,Bottom,2022_07_25,SB3,Plant_8_2022_07_25,Mitch,2022_07_25,333845
F5,494,Leaf,1,Top,2022_07_25,SB3,Plant_1_2022_07_25,Mitch,2022_07_25,494
F6,474,Leaf,1,Top,2022_07_25,SB3,Plant_1_2022_07_25,Mitch,2022_07_25,474
F7,458,Leaf,1,Top,2022_07_25,SB3,Plant_1_2022_07_25,Mitch,2022_07_25,458
F8,531,Leaf,1,Top,2022_07_25,SB3,Plant_1_2022_07_25,Mitch,2022_07_25,531
F9,568,Leaf,1,Bottom,2022_07_25,SB3,Plant_1_2022_07_25,Mitch,2022_07_25,568
F10,630,Leaf,1,Bottom,2022_07_25,SB3,Plant_1_2022_07_25,Mitch,2022_07_25,630
F11,619,Leaf,1,Bottom,2022_07_25,SB3,Plant_1_2022_07_25,Mitch,2022_07_25,619
F12,611,Leaf,1,Bottom,2022_07_25,SB3,Plant_1_2022_07_25,Mitch,2022_07_25,611
G1,557,Leaf,2,Top,2022_07_25,SB3,Plant_2_2022_07_25,Mitch,2022_07_25,557
G2,530,Leaf,2,Top,2022_07_25,SB3,Plant_2_2022_07_25,Mitch,2022_07_25,530
G3,501,Leaf,2,Top,2022_07_25,SB3,Plant_2_2022_07_25,Mitch,2022_07_25,501
G4,547,Leaf,2,Top,2022_07_25,SB3,Plant_2_2022_07_25,Mitch,2022_07_25,547
G5,637,Leaf,2,Bottom,2022_07_25,SB3,Plant_2_2022_07_25,Mitch,2022_07_25,637
G6,540,Leaf,2,Bottom,2022_07_25,SB3,Plant_2_2022_07_25,Mitch,2022_07_25,540
G7,625,Leaf,2,Bottom,2022_07_25,SB3,Plant_2_2022_07_25,Mitch,2022_07_25,625
G8,545,Leaf,2,Bottom,2022_07_25,SB3,Plant_2_2022_07_25,Mitch,2022_07_25,545
A1,420499,WT,1,Top,2022_09_12,SB3,Plant_1_2022_09_12,Mitch,2022_09_12,420499
A2,440842,WT,1,Top,2022_09_12,SB3,Plant_1_2022_09_12,Mitch,2022_09_12,440842
A3,353656,WT,1,Top,2022_09_12,SB3,Plant_1_2022_09_12,Mitch,2022_09_12,353656
A4,335207,WT,1,Top,2022_09_12,SB3,Plant_1_2022_09_12,Mitch,2022_09_12,335207
A5,269325,WT,1,Bottom,2022_09_12,SB3,Plant_1_2022_09_12,Mitch,2022_09_12,269325
A6,398141,WT,1,Bottom,2022_09_12,SB3,Plant_1_2022_09_12,Mitch,2022_09_12,398141
A7,441608,WT,1,Bottom,2022_09_12,SB3,Plant_1_2022_09_12,Mitch,2022_09_12,441608
A8,294542,WT,1,Bottom,2022_09_12,SB3,Plant_1_2022_09_12,Mitch,2022_09_12,294542
A9,562250,WT,2,Top,2022_09_12,SB3,Plant_2_2022_09_12,Mitch,2022_09_12,562250
A10,594528,WT,2,Top,2022_09_12,SB3,Plant_2_2022_09_12,Mitch,2022_09_12,594528
A11,580434,WT,2,Top,2022_09_12,SB3,Plant_2_2022_09_12,Mitch,2022_09_12,580434
A12,796538,WT,2,Top,2022_09_12,SB3,Plant_2_2022_09_12,Mitch,2022_09_12,796538
B1,383976,WT,2,Bottom,2022_09_12,SB3,Plant_2_2022_09_12,Mitch,2022_09_12,383976
B2,445595,WT,2,Bottom,2022_09_12,SB3,Plant_2_2022_09_12,Mitch,2022_09_12,445595
B3,369807,WT,2,Bottom,2022_09_12,SB3,Plant_2_2022_09_12,Mitch,2022_09_12,369807
B4,372637,WT,2,Bottom,2022_09_12,SB3,Plant_2_2022_09_12,Mitch,2022_09_12,372637
B5,421945,WT,3,Top,2022_09_12,SB3,Plant_3_2022_09_12,Mitch,2022_09_12,421945
B6,292749,WT,3,Top,2022_09_12,SB3,Plant_3_2022_09_12,Mitch,2022_09_12,292749
B7,444925,WT,3,Top,2022_09_12,SB3,Plant_3_2022_09_12,Mitch,2022_09_12,444925
B8,359102,WT,3,Top,2022_09_12,SB3,Plant_3_2022_09_12,Mitch,2022_09_12,359102
B9,569673,WT,3,Bottom,2022_09_12,SB3,Plant_3_2022_09_12,Mitch,2022_09_12,569673
B10,514006,WT,3,Bottom,2022_09_12,SB3,Plant_3_2022_09_12,Mitch,2022_09_12,514006
B11,439835,WT,3,Bottom,2022_09_12,SB3,Plant_3_2022_09_12,Mitch,2022_09_12,439835
B12,601148,WT,3,Bottom,2022_09_12,SB3,Plant_3_2022_09_12,Mitch,2022_09_12,601148
C1,362196,WT,4,Top,2022_09_12,SB3,Plant_4_2022_09_12,Mitch,2022_09_12,362196
C2,331398,WT,4,Top,2022_09_12,SB3,Plant_4_2022_09_12,Mitch,2022_09_12,331398
C3,469361,WT,4,Top,2022_09_12,SB3,Plant_4_2022_09_12,Mitch,2022_09_12,469361
C4,444904,WT,4,Top,2022_09_12,SB3,Plant_4_2022_09_12,Mitch,2022_09_12,444904
C5,333634,WT,4,Bottom,2022_09_12,SB3,Plant_4_2022_09_12,Mitch,2022_09_12,333634
C6,398485,WT,4,Bottom,2022_09_12,SB3,Plant_4_2022_09_12,Mitch,2022_09_12,398485
C7,355763,WT,4,Bottom,2022_09_12,SB3,Plant_4_2022_09_12,Mitch,2022_09_12,355763
C8,323288,WT,4,Bottom,2022_09_12,SB3,Plant_4_2022_09_12,Mitch,2022_09_12,323288
C9,492435,WT,5,Top,2022_09_12,SB3,Plant_5_2022_09_12,Mitch,2022_09_12,492435
C10,248863,WT,5,Top,2022_09_12,SB3,Plant_5_2022_09_12,Mitch,2022_09_12,248863
C11,493025,WT,5,Top,2022_09_12,SB3,Plant_5_2022_09_12,Mitch,2022_09_12,493025
C12,484407,WT,5,Top,2022_09_12,SB3,Plant_5_2022_09_12,Mitch,2022_09_12,484407
D1,344156,WT,5,Bottom,2022_09_12,SB3,Plant_5_2022_09_12,Mitch,2022_09_12,344156
D2,243411,WT,5,Bottom,2022_09_12,SB3,Plant_5_2022_09_12,Mitch,2022_09_12,243411
D3,358384,WT,5,Bottom,2022_09_12,SB3,Plant_5_2022_09_12,Mitch,2022_09_12,358384
D4,291097,WT,5,Bottom,2022_09_12,SB3,Plant_5_2022_09_12,Mitch,2022_09_12,291097
D5,417168,WT,6,Top,2022_09_12,SB3,Plant_6_2022_09_12,Mitch,2022_09_12,417168
D6,471742,WT,6,Top,2022_09_12,SB3,Plant_6_2022_09_12,Mitch,2022_09_12,471742
D7,465263,WT,6,Top,2022_09_12,SB3,Plant_6_2022_09_12,Mitch,2022_09_12,465263
D8,755470,WT,6,Top,2022_09_12,SB3,Plant_6_2022_09_12,Mitch,2022_09_12,755470
D9,301846,WT,6,Bottom,2022_09_12,SB3,Plant_6_2022_09_12,Mitch,2022_09_12,301846
D10,257117,WT,6,Bottom,2022_09_12,SB3,Plant_6_2022_09_12,Mitch,2022_09_12,257117
D11,347088,WT,6,Bottom,2022_09_12,SB3,Plant_6_2022_09_12,Mitch,2022_09_12,347088
D12,402205,WT,6,Bottom,2022_09_12,SB3,Plant_6_2022_09_12,Mitch,2022_09_12,402205
E1,475512,WT,7,Top,2022_09_12,SB3,Plant_7_2022_09_12,Mitch,2022_09_12,475512
E2,580609,WT,7,Top,2022_09_12,SB3,Plant_7_2022_09_12,Mitch,2022_09_12,580609
E3,547920,WT,7,Top,2022_09_12,SB3,Plant_7_2022_09_12,Mitch,2022_09_12,547920
E4,527739,WT,7,Top,2022_09_12,SB3,Plant_7_2022_09_12,Mitch,2022_09_12,527739
E5,314933,WT,7,Bottom,2022_09_12,SB3,Plant_7_2022_09_12,Mitch,2022_09_12,314933
E6,241391,WT,7,Bottom,2022_09_12,SB3,Plant_7_2022_09_12,Mitch,2022_09_12,241391
E7,253847,WT,7,Bottom,2022_09_12,SB3,Plant_7_2022_09_12,Mitch,2022_09_12,253847
E8,293929,WT,7,Bottom,2022_09_12,SB3,Plant_7_2022_09_12,Mitch,2022_09_12,293929
E9,465347,WT,8,Top,2022_09_12,SB3,Plant_8_2022_09_12,Mitch,2022_09_12,465347
E10,449248,WT,8,Top,2022_09_12,SB3,Plant_8_2022_09_12,Mitch,2022_09_12,449248
E11,432454,WT,8,Top,2022_09_12,SB3,Plant_8_2022_09_12,Mitch,2022_09_12,432454
E12,452872,WT,8,Top,2022_09_12,SB3,Plant_8_2022_09_12,Mitch,2022_09_12,452872
F1,361335,WT,8,Bottom,2022_09_12,SB3,Plant_8_2022_09_12,Mitch,2022_09_12,361335
F2,429573,WT,8,Bottom,2022_09_12,SB3,Plant_8_2022_09_12,Mitch,2022_09_12,429573
F3,137642,WT,8,Bottom,2022_09_12,SB3,Plant_8_2022_09_12,Mitch,2022_09_12,137642
F4,152218,WT,8,Bottom,2022_09_12,SB3,Plant_8_2022_09_12,Mitch,2022_09_12,152218
F5,768,Leaf,1,Top,2022_09_12,SB3,Plant_1_2022_09_12,Mitch,2022_09_12,768
F6,723,Leaf,1,Top,2022_09_12,SB3,Plant_1_2022_09_12,Mitch,2022_09_12,723
F7,740,Leaf,1,Top,2022_09_12,SB3,Plant_1_2022_09_12,Mitch,2022_09_12,740
F8,729,Leaf,1,Top,2022_09_12,SB3,Plant_1_2022_09_12,Mitch,2022_09_12,729
F9,754,Leaf,1,Bottom,2022_09_12,SB3,Plant_1_2022_09_12,Mitch,2022_09_12,754
F10,715,Leaf,1,Bottom,2022_09_12,SB3,Plant_1_2022_09_12,Mitch,2022_09_12,715
F11,735,Leaf,1,Bottom,2022_09_12,SB3,Plant_1_2022_09_12,Mitch,2022_09_12,735
F12,759,Leaf,1,Bottom,2022_09_12,SB3,Plant_1_2022_09_12,Mitch,2022_09_12,759
G1,802,Leaf,2,Top,2022_09_12,SB3,Plant_2_2022_09_12,Mitch,2022_09_12,802
G2,748,Leaf,2,Top,2022_09_12,SB3,Plant_2_2022_09_12,Mitch,2022_09_12,748
G3,799,Leaf,2,Top,2022_09_12,SB3,Plant_2_2022_09_12,Mitch,2022_09_12,799
G4,844,Leaf,2,Top,2022_09_12,SB3,Plant_2_2022_09_12,Mitch,2022_09_12,844
A1,462563,WT,1,Top,2022_10_17,SB3,Plant_1_2022_10_17,Mitch,2022_10_17,462563
A2,438281,WT,1,Top,2022_10_17,SB3,Plant_1_2022_10_17,Mitch,2022_10_17,438281
A3,392044,WT,1,Top,2022_10_17,SB3,Plant_1_2022_10_17,Mitch,2022_10_17,392044
A4,536579,WT,1,Top,2022_10_17,SB3,Plant_1_2022_10_17,Mitch,2022_10_17,536579
A5,556292,WT,1,Bottom,2022_10_17,SB3,Plant_1_2022_10_17,Mitch,2022_10_17,556292
A6,613912,WT,1,Bottom,2022_10_17,SB3,Plant_1_2022_10_17,Mitch,2022_10_17,613912
A7,575497,WT,1,Bottom,2022_10_17,SB3,Plant_1_2022_10_17,Mitch,2022_10_17,575497
A8,447493,WT,1,Bottom,2022_10_17,SB3,Plant_1_2022_10_17,Mitch,2022_10_17,447493
A9,615937,WT,2,Top,2022_10_17,SB3,Plant_2_2022_10_17,Mitch,2022_10_17,615937
A10,513506,WT,2,Top,2022_10_17,SB3,Plant_2_2022_10_17,Mitch,2022_10_17,513506
A11,489520,WT,2,Top,2022_10_17,SB3,Plant_2_2022_10_17,Mitch,2022_10_17,489520
A12,626273,WT,2,Top,2022_10_17,SB3,Plant_2_2022_10_17,Mitch,2022_10_17,626273
B1,466727,WT,2,Bottom,2022_10_17,SB3,Plant_2_2022_10_17,Mitch,2022_10_17,466727
B2,755412,WT,2,Bottom,2022_10_17,SB3,Plant_2_2022_10_17,Mitch,2022_10_17,755412
B3,601960,WT,2,Bottom,2022_10_17,SB3,Plant_2_2022_10_17,Mitch,2022_10_17,601960
B4,531933,WT,2,Bottom,2022_10_17,SB3,Plant_2_2022_10_17,Mitch,2022_10_17,531933
B5,453924,WT,3,Top,2022_10_17,SB3,Plant_3_2022_10_17,Mitch,2022_10_17,453924
B6,474613,WT,3,Top,2022_10_17,SB3,Plant_3_2022_10_17,Mitch,2022_10_17,474613
B7,493578,WT,3,Top,2022_10_17,SB3,Plant_3_2022_10_17,Mitch,2022_10_17,493578
B8,576507,WT,3,Top,2022_10_17,SB3,Plant_3_2022_10_17,Mitch,2022_10_17,576507
B9,235196,WT,3,Bottom,2022_10_17,SB3,Plant_3_2022_10_17,Mitch,2022_10_17,235196
B10,283888,WT,3,Bottom,2022_10_17,SB3,Plant_3_2022_10_17,Mitch,2022_10_17,283888
B11,257637,WT,3,Bottom,2022_10_17,SB3,Plant_3_2022_10_17,Mitch,2022_10_17,257637
B12,296498,WT,3,Bottom,2022_10_17,SB3,Plant_3_2022_10_17,Mitch,2022_10_17,296498
C1,428967,WT,4,Top,2022_10_17,SB3,Plant_4_2022_10_17,Mitch,2022_10_17,428967
C2,238910,WT,4,Top,2022_10_17,SB3,Plant_4_2022_10_17,Mitch,2022_10_17,238910
C3,220448,WT,4,Top,2022_10_17,SB3,Plant_4_2022_10_17,Mitch,2022_10_17,220448
C4,269188,WT,4,Top,2022_10_17,SB3,Plant_4_2022_10_17,Mitch,2022_10_17,269188
C5,385181,WT,4,Bottom,2022_10_17,SB3,Plant_4_2022_10_17,Mitch,2022_10_17,385181
C6,564750,WT,4,Bottom,2022_10_17,SB3,Plant_4_2022_10_17,Mitch,2022_10_17,564750
C7,384279,WT,4,Bottom,2022_10_17,SB3,Plant_4_2022_10_17,Mitch,2022_10_17,384279
C8,423772,WT,4,Bottom,2022_10_17,SB3,Plant_4_2022_10_17,Mitch,2022_10_17,423772
C9,410336,WT,5,Top,2022_10_17,SB3,Plant_5_2022_10_17,Mitch,2022_10_17,410336
C10,465342,WT,5,Top,2022_10_17,SB3,Plant_5_2022_10_17,Mitch,2022_10_17,465342
C11,397877,WT,5,Top,2022_10_17,SB3,Plant_5_2022_10_17,Mitch,2022_10_17,397877
C12,391157,WT,5,Top,2022_10_17,SB3,Plant_5_2022_10_17,Mitch,2022_10_17,391157
D1,394507,WT,5,Bottom,2022_10_17,SB3,Plant_5_2022_10_17,Mitch,2022_10_17,394507
D2,572257,WT,5,Bottom,2022_10_17,SB3,Plant_5_2022_10_17,Mitch,2022_10_17,572257
D3,428647,WT,5,Bottom,2022_10_17,SB3,Plant_5_2022_10_17,Mitch,2022_10_17,428647
D4,500375,WT,5,Bottom,2022_10_17,SB3,Plant_5_2022_10_17,Mitch,2022_10_17,500375
D5,527653,WT,6,Top,2022_10_17,SB3,Plant_6_2022_10_17,Mitch,2022_10_17,527653
D6,539741,WT,6,Top,2022_10_17,SB3,Plant_6_2022_10_17,Mitch,2022_10_17,539741
D7,511207,WT,6,Top,2022_10_17,SB3,Plant_6_2022_10_17,Mitch,2022_10_17,511207
D8,507940,WT,6,Top,2022_10_17,SB3,Plant_6_2022_10_17,Mitch,2022_10_17,507940
D9,558944,WT,6,Bottom,2022_10_17,SB3,Plant_6_2022_10_17,Mitch,2022_10_17,558944
D10,385497,WT,6,Bottom,2022_10_17,SB3,Plant_6_2022_10_17,Mitch,2022_10_17,385497
D11,472845,WT,6,Bottom,2022_10_17,SB3,Plant_6_2022_10_17,Mitch,2022_10_17,472845
D12,459024,WT,6,Bottom,2022_10_17,SB3,Plant_6_2022_10_17,Mitch,2022_10_17,459024
E1,333991,WT,7,Top,2022_10_17,SB3,Plant_7_2022_10_17,Mitch,2022_10_17,333991
E2,406452,WT,7,Top,2022_10_17,SB3,Plant_7_2022_10_17,Mitch,2022_10_17,406452
E3,366979,WT,7,Top,2022_10_17,SB3,Plant_7_2022_10_17,Mitch,2022_10_17,366979
E4,283519,WT,7,Top,2022_10_17,SB3,Plant_7_2022_10_17,Mitch,2022_10_17,283519
E5,399194,WT,7,Bottom,2022_10_17,SB3,Plant_7_2022_10_17,Mitch,2022_10_17,399194
E6,466422,WT,7,Bottom,2022_10_17,SB3,Plant_7_2022_10_17,Mitch,2022_10_17,466422
E7,508481,WT,7,Bottom,2022_10_17,SB3,Plant_7_2022_10_17,Mitch,2022_10_17,508481
E8,416514,WT,7,Bottom,2022_10_17,SB3,Plant_7_2022_10_17,Mitch,2022_10_17,416514
E9,596203,WT,8,Top,2022_10_17,SB3,Plant_8_2022_10_17,Mitch,2022_10_17,596203
E10,511839,WT,8,Top,2022_10_17,SB3,Plant_8_2022_10_17,Mitch,2022_10_17,511839
E11,461104,WT,8,Top,2022_10_17,SB3,Plant_8_2022_10_17,Mitch,2022_10_17,461104
E12,528154,WT,8,Top,2022_10_17,SB3,Plant_8_2022_10_17,Mitch,2022_10_17,528154
F1,391060,WT,8,Bottom,2022_10_17,SB3,Plant_8_2022_10_17,Mitch,2022_10_17,391060
F2,370436,WT,8,Bottom,2022_10_17,SB3,Plant_8_2022_10_17,Mitch,2022_10_17,370436
F3,496114,WT,8,Bottom,2022_10_17,SB3,Plant_8_2022_10_17,Mitch,2022_10_17,496114
F4,414729,WT,8,Bottom,2022_10_17,SB3,Plant_8_2022_10_17,Mitch,2022_10_17,414729
C9,1128,Leaf,1,Top,2022_10_17,SB3,Plant_1_2022_10_17,Mitch,2022_10_17,1128
C10,648,Leaf,1,Top,2022_10_17,SB3,Plant_1_2022_10_17,Mitch,2022_10_17,648
C11,670,Leaf,1,Top,2022_10_17,SB3,Plant_1_2022_10_17,Mitch,2022_10_17,670
C12,682,Leaf,1,Top,2022_10_17,SB3,Plant_1_2022_10_17,Mitch,2022_10_17,682
D1,669,Leaf,1,Bottom,2022_10_17,SB3,Plant_1_2022_10_17,Mitch,2022_10_17,669
D2,619,Leaf,1,Bottom,2022_10_17,SB3,Plant_1_2022_10_17,Mitch,2022_10_17,619
D3,687,Leaf,1,Bottom,2022_10_17,SB3,Plant_1_2022_10_17,Mitch,2022_10_17,687
D4,674,Leaf,1,Bottom,2022_10_17,SB3,Plant_1_2022_10_17,Mitch,2022_10_17,674
D5,672,Leaf,2,Top,2022_10_17,SB3,Plant_2_2022_10_17,Mitch,2022_10_17,672
D6,913,Leaf,2,Top,2022_10_17,SB3,Plant_2_2022_10_17,Mitch,2022_10_17,913
D7,813,Leaf,2,Top,2022_10_17,SB3,Plant_2_2022_10_17,Mitch,2022_10_17,813
D8,755,Leaf,2,Top,2022_10_17,SB3,Plant_2_2022_10_17,Mitch,2022_10_17,755
D9,594,Leaf,3,Top,2022_10_17,SB3,Plant_3_2022_10_17,Mitch,2022_10_17,594
D10,663,Leaf,3,Top,2022_10_17,SB3,Plant_3_2022_10_17,Mitch,2022_10_17,663
D11,593,Leaf,3,Top,2022_10_17,SB3,Plant_3_2022_10_17,Mitch,2022_10_17,593
D12,668,Leaf,3,Top,2022_10_17,SB3,Plant_3_2022_10_17,Mitch,2022_10_17,668
E1,650,Leaf,3,Bottom,2022_10_17,SB3,Plant_3_2022_10_17,Mitch,2022_10_17,650
E2,684,Leaf,3,Bottom,2022_10_17,SB3,Plant_3_2022_10_17,Mitch,2022_10_17,684
E3,715,Leaf,3,Bottom,2022_10_17,SB3,Plant_3_2022_10_17,Mitch,2022_10_17,715
E4,625,Leaf,3,Bottom,2022_10_17,SB3,Plant_3_2022_10_17,Mitch,2022_10_17,625
E5,673,Leaf,4,Top,2022_10_17,SB3,Plant_4_2022_10_17,Mitch,2022_10_17,673
E6,778,Leaf,4,Top,2022_10_17,SB3,Plant_4_2022_10_17,Mitch,2022_10_17,778
E7,759,Leaf,4,Top,2022_10_17,SB3,Plant_4_2022_10_17,Mitch,2022_10_17,759
E8,667,Leaf,4,Top,2022_10_17,SB3,Plant_4_2022_10_17,Mitch,2022_10_17,667
A1,298538,WT,1,Top,2022_11_07,SB3,Plant_1_2022_11_07,Mitch,2022_11_07,298538
A2,298225,WT,1,Top,2022_11_07,SB3,Plant_1_2022_11_07,Mitch,2022_11_07,298225
A3,467425,WT,1,Top,2022_11_07,SB3,Plant_1_2022_11_07,Mitch,2022_11_07,467425
A4,288799,WT,1,Top,2022_11_07,SB3,Plant_1_2022_11_07,Mitch,2022_11_07,288799
A5,495752,WT,1,Bottom,2022_11_07,SB3,Plant_1_2022_11_07,Mitch,2022_11_07,495752
A6,581741,WT,1,Bottom,2022_11_07,SB3,Plant_1_2022_11_07,Mitch,2022_11_07,581741
A7,488275,WT,1,Bottom,2022_11_07,SB3,Plant_1_2022_11_07,Mitch,2022_11_07,488275
A8,378296,WT,1,Bottom,2022_11_07,SB3,Plant_1_2022_11_07,Mitch,2022_11_07,378296
A9,224692,WT,2,Top,2022_11_07,SB3,Plant_2_2022_11_07,Mitch,2022_11_07,224692
A10,202951,WT,2,Top,2022_11_07,SB3,Plant_2_2022_11_07,Mitch,2022_11_07,202951
A11,307000,WT,2,Top,2022_11_07,SB3,Plant_2_2022_11_07,Mitch,2022_11_07,307000
A12,161486,WT,2,Top,2022_11_07,SB3,Plant_2_2022_11_07,Mitch,2022_11_07,161486
B1,262473,WT,2,Bottom,2022_11_07,SB3,Plant_2_2022_11_07,Mitch,2022_11_07,262473
B2,450576,WT,2,Bottom,2022_11_07,SB3,Plant_2_2022_11_07,Mitch,2022_11_07,450576
B3,357429,WT,2,Bottom,2022_11_07,SB3,Plant_2_2022_11_07,Mitch,2022_11_07,357429
B4,231764,WT,2,Bottom,2022_11_07,SB3,Plant_2_2022_11_07,Mitch,2022_11_07,231764
B5,219237,WT,3,Top,2022_11_07,SB3,Plant_3_2022_11_07,Mitch,2022_11_07,219237
B6,257089,WT,3,Top,2022_11_07,SB3,Plant_3_2022_11_07,Mitch,2022_11_07,257089
B7,296927,WT,3,Top,2022_11_07,SB3,Plant_3_2022_11_07,Mitch,2022_11_07,296927
B8,227603,WT,3,Top,2022_11_07,SB3,Plant_3_2022_11_07,Mitch,2022_11_07,227603
B9,208506,WT,3,Bottom,2022_11_07,SB3,Plant_3_2022_11_07,Mitch,2022_11_07,208506
B10,437585,WT,3,Bottom,2022_11_07,SB3,Plant_3_2022_11_07,Mitch,2022_11_07,437585
B11,299858,WT,3,Bottom,2022_11_07,SB3,Plant_3_2022_11_07,Mitch,2022_11_07,299858
B12,395320,WT,3,Bottom,2022_11_07,SB3,Plant_3_2022_11_07,Mitch,2022_11_07,395320
C1,276442,WT,4,Top,2022_11_07,SB3,Plant_4_2022_11_07,Mitch,2022_11_07,276442
C2,278463,WT,4,Top,2022_11_07,SB3,Plant_4_2022_11_07,Mitch,2022_11_07,278463
C3,266960,WT,4,Top,2022_11_07,SB3,Plant_4_2022_11_07,Mitch,2022_11_07,266960
C4,268193,WT,4,Top,2022_11_07,SB3,Plant_4_2022_11_07,Mitch,2022_11_07,268193
C5,327206,WT,4,Bottom,2022_11_07,SB3,Plant_4_2022_11_07,Mitch,2022_11_07,327206
C6,318454,WT,4,Bottom,2022_11_07,SB3,Plant_4_2022_11_07,Mitch,2022_11_07,318454
C7,330493,WT,4,Bottom,2022_11_07,SB3,Plant_4_2022_11_07,Mitch,2022_11_07,330493
C8,333521,WT,4,Bottom,2022_11_07,SB3,Plant_4_2022_11_07,Mitch,2022_11_07,333521
C9,352590,WT,5,Top,2022_11_07,SB3,Plant_5_2022_11_07,Mitch,2022_11_07,352590
C10,284671,WT,5,Top,2022_11_07,SB3,Plant_5_2022_11_07,Mitch,2022_11_07,284671
C11,260603,WT,5,Top,2022_11_07,SB3,Plant_5_2022_11_07,Mitch,2022_11_07,260603
C12,285699,WT,5,Top,2022_11_07,SB3,Plant_5_2022_11_07,Mitch,2022_11_07,285699
D1,250720,WT,5,Bottom,2022_11_07,SB3,Plant_5_2022_11_07,Mitch,2022_11_07,250720
D2,290837,WT,5,Bottom,2022_11_07,SB3,Plant_5_2022_11_07,Mitch,2022_11_07,290837
D3,288189,WT,5,Bottom,2022_11_07,SB3,Plant_5_2022_11_07,Mitch,2022_11_07,288189
D4,295701,WT,5,Bottom,2022_11_07,SB3,Plant_5_2022_11_07,Mitch,2022_11_07,295701
D5,204897,WT,6,Top,2022_11_07,SB3,Plant_6_2022_11_07,Mitch,2022_11_07,204897
D6,368588,WT,6,Top,2022_11_07,SB3,Plant_6_2022_11_07,Mitch,2022_11_07,368588
D7,334764,WT,6,Top,2022_11_07,SB3,Plant_6_2022_11_07,Mitch,2022_11_07,334764
D8,303990,WT,6,Top,2022_11_07,SB3,Plant_6_2022_11_07,Mitch,2022_11_07,303990
D9,169679,WT,6,Bottom,2022_11_07,SB3,Plant_6_2022_11_07,Mitch,2022_11_07,169679
D10,180762,WT,6,Bottom,2022_11_07,SB3,Plant_6_2022_11_07,Mitch,2022_11_07,180762
D11,211865,WT,6,Bottom,2022_11_07,SB3,Plant_6_2022_11_07,Mitch,2022_11_07,211865
D12,264691,WT,6,Bottom,2022_11_07,SB3,Plant_6_2022_11_07,Mitch,2022_11_07,264691
E1,179096,WT,7,Top,2022_11_07,SB3,Plant_7_2022_11_07,Mitch,2022_11_07,179096
E2,249842,WT,7,Top,2022_11_07,SB3,Plant_7_2022_11_07,Mitch,2022_11_07,249842
E3,279071,WT,7,Top,2022_11_07,SB3,Plant_7_2022_11_07,Mitch,2022_11_07,279071
E4,197865,WT,7,Top,2022_11_07,SB3,Plant_7_2022_11_07,Mitch,2022_11_07,197865
E5,284205,WT,7,Bottom,2022_11_07,SB3,Plant_7_2022_11_07,Mitch,2022_11_07,284205
E6,289024,WT,7,Bottom,2022_11_07,SB3,Plant_7_2022_11_07,Mitch,2022_11_07,289024
E7,295989,WT,7,Bottom,2022_11_07,SB3,Plant_7_2022_11_07,Mitch,2022_11_07,295989
E8,264226,WT,7,Bottom,2022_11_07,SB3,Plant_7_2022_11_07,Mitch,2022_11_07,264226
E9,236264,WT,8,Top,2022_11_07,SB3,Plant_8_2022_11_07,Mitch,2022_11_07,236264
E10,358449,WT,8,Top,2022_11_07,SB3,Plant_8_2022_11_07,Mitch,2022_11_07,358449
E11,299304,WT,8,Top,2022_11_07,SB3,Plant_8_2022_11_07,Mitch,2022_11_07,299304
E12,91356,WT,8,Top,2022_11_07,SB3,Plant_8_2022_11_07,Mitch,2022_11_07,91356
F1,310307,WT,8,Bottom,2022_11_07,SB3,Plant_8_2022_11_07,Mitch,2022_11_07,310307
F2,337662,WT,8,Bottom,2022_11_07,SB3,Plant_8_2022_11_07,Mitch,2022_11_07,337662
F3,254118,WT,8,Bottom,2022_11_07,SB3,Plant_8_2022_11_07,Mitch,2022_11_07,254118
F4,353326,WT,8,Bottom,2022_11_07,SB3,Plant_8_2022_11_07,Mitch,2022_11_07,353326
A1,732,Leaf,1,Top,2022_11_07,SB3,Plant_1_2022_11_07,Mitch,2022_11_07,732
A2,694,Leaf,1,Top,2022_11_07,SB3,Plant_1_2022_11_07,Mitch,2022_11_07,694
A3,612,Leaf,1,Top,2022_11_07,SB3,Plant_1_2022_11_07,Mitch,2022_11_07,612
A4,591,Leaf,1,Top,2022_11_07,SB3,Plant_1_2022_11_07,Mitch,2022_11_07,591
A5,692,Leaf,1,Bottom,2022_11_07,SB3,Plant_1_2022_11_07,Mitch,2022_11_07,692
A6,709,Leaf,1,Bottom,2022_11_07,SB3,Plant_1_2022_11_07,Mitch,2022_11_07,709
A7,757,Leaf,1,Bottom,2022_11_07,SB3,Plant_1_2022_11_07,Mitch,2022_11_07,757
A8,640,Leaf,1,Bottom,2022_11_07,SB3,Plant_1_2022_11_07,Mitch,2022_11_07,640
A9,685,Leaf,2,Top,2022_11_07,SB3,Plant_2_2022_11_07,Mitch,2022_11_07,685
A10,683,Leaf,2,Top,2022_11_07,SB3,Plant_2_2022_11_07,Mitch,2022_11_07,683
A11,689,Leaf,2,Top,2022_11_07,SB3,Plant_2_2022_11_07,Mitch,2022_11_07,689
A12,679,Leaf,2,Top,2022_11_07,SB3,Plant_2_2022_11_07,Mitch,2022_11_07,679
B1,673,Leaf,2,Bottom,2022_11_07,SB3,Plant_2_2022_11_07,Mitch,2022_11_07,673
B2,639,Leaf,2,Bottom,2022_11_07,SB3,Plant_2_2022_11_07,Mitch,2022_11_07,639
B3,646,Leaf,2,Bottom,2022_11_07,SB3,Plant_2_2022_11_07,Mitch,2022_11_07,646
B4,597,Leaf,2,Bottom,2022_11_07,SB3,Plant_2_2022_11_07,Mitch,2022_11_07,597
B5,642,Leaf,3,Top,2022_11_07,SB3,Plant_3_2022_11_07,Mitch,2022_11_07,642
B6,656,Leaf,3,Top,2022_11_07,SB3,Plant_3_2022_11_07,Mitch,2022_11_07,656
B7,705,Leaf,3,Top,2022_11_07,SB3,Plant_3_2022_11_07,Mitch,2022_11_07,705
B8,576,Leaf,3,Top,2022_11_07,SB3,Plant_3_2022_11_07,Mitch,2022_11_07,576
B9,594,Leaf,3,Bottom,2022_11_07,SB3,Plant_3_2022_11_07,Mitch,2022_11_07,594
B10,592,Leaf,3,Bottom,2022_11_07,SB3,Plant_3_2022_11_07,Mitch,2022_11_07,592
B11,597,Leaf,3,Bottom,2022_11_07,SB3,Plant_3_2022_11_07,Mitch,2022_11_07,597
B12,651,Leaf,3,Bottom,2022_11_07,SB3,Plant_3_2022_11_07,Mitch,2022_11_07,651
A1,907747,WT,1,Top,2022_12_05,SB2,Plant_1_2022_12_05,Mitch,2022_12_05,907747
A2,579450,WT,1,Top,2022_12_05,SB2,Plant_1_2022_12_05,Mitch,2022_12_05,579450
A3,741414,WT,1,Top,2022_12_05,SB2,Plant_1_2022_12_05,Mitch,2022_12_05,741414
A4,913911,WT,1,Top,2022_12_05,SB2,Plant_1_2022_12_05,Mitch,2022_12_05,913911
A5,757615,WT,1,Bottom,2022_12_05,SB2,Plant_1_2022_12_05,Mitch,2022_12_05,757615
A6,750900,WT,1,Bottom,2022_12_05,SB2,Plant_1_2022_12_05,Mitch,2022_12_05,750900
A7,520029,WT,1,Bottom,2022_12_05,SB2,Plant_1_2022_12_05,Mitch,2022_12_05,520029
A8,488405,WT,1,Bottom,2022_12_05,SB2,Plant_1_2022_12_05,Mitch,2022_12_05,488405
A9,694688,WT,2,Top,2022_12_05,SB2,Plant_2_2022_12_05,Mitch,2022_12_05,694688
A10,678707,WT,2,Top,2022_12_05,SB2,Plant_2_2022_12_05,Mitch,2022_12_05,678707
A11,601091,WT,2,Top,2022_12_05,SB2,Plant_2_2022_12_05,Mitch,2022_12_05,601091
A12,605056,WT,2,Top,2022_12_05,SB2,Plant_2_2022_12_05,Mitch,2022_12_05,605056
B1,570975,WT,2,Bottom,2022_12_05,SB2,Plant_2_2022_12_05,Mitch,2022_12_05,570975
B2,900737,WT,2,Bottom,2022_12_05,SB2,Plant_2_2022_12_05,Mitch,2022_12_05,900737
B3,975632,WT,2,Bottom,2022_12_05,SB2,Plant_2_2022_12_05,Mitch,2022_12_05,975632
B4,593844,WT,2,Bottom,2022_12_05,SB2,Plant_2_2022_12_05,Mitch,2022_12_05,593844
B5,326771,WT,3,Top,2022_12_05,SB2,Plant_3_2022_12_05,Mitch,2022_12_05,326771
B6,370635,WT,3,Top,2022_12_05,SB2,Plant_3_2022_12_05,Mitch,2022_12_05,370635
B7,295301,WT,3,Top,2022_12_05,SB2,Plant_3_2022_12_05,Mitch,2022_12_05,295301
B8,295094,WT,3,Top,2022_12_05,SB2,Plant_3_2022_12_05,Mitch,2022_12_05,295094
B9,552498,WT,3,Bottom,2022_12_05,SB2,Plant_3_2022_12_05,Mitch,2022_12_05,552498
B10,477806,WT,3,Bottom,2022_12_05,SB2,Plant_3_2022_12_05,Mitch,2022_12_05,477806
B11,305718,WT,3,Bottom,2022_12_05,SB2,Plant_3_2022_12_05,Mitch,2022_12_05,305718
B12,354390,WT,3,Bottom,2022_12_05,SB2,Plant_3_2022_12_05,Mitch,2022_12_05,354390
C1,695249,WT,4,Top,2022_12_05,SB2,Plant_4_2022_12_05,Mitch,2022_12_05,695249
C2,383982,WT,4,Top,2022_12_05,SB2,Plant_4_2022_12_05,Mitch,2022_12_05,383982
C3,755257,WT,4,Top,2022_12_05,SB2,Plant_4_2022_12_05,Mitch,2022_12_05,755257
C4,447280,WT,4,Top,2022_12_05,SB2,Plant_4_2022_12_05,Mitch,2022_12_05,447280
C5,534153,WT,4,Bottom,2022_12_05,SB2,Plant_4_2022_12_05,Mitch,2022_12_05,534153
C6,660103,WT,4,Bottom,2022_12_05,SB2,Plant_4_2022_12_05,Mitch,2022_12_05,660103
C7,876269,WT,4,Bottom,2022_12_05,SB2,Plant_4_2022_12_05,Mitch,2022_12_05,876269
C8,889170,WT,4,Bottom,2022_12_05,SB2,Plant_4_2022_12_05,Mitch,2022_12_05,889170
C9,910287,WT,5,Top,2022_12_05,SB2,Plant_5_2022_12_05,Mitch,2022_12_05,910287
C10,973817,WT,5,Top,2022_12_05,SB2,Plant_5_2022_12_05,Mitch,2022_12_05,973817
C11,1048157,WT,5,Top,2022_12_05,SB2,Plant_5_2022_12_05,Mitch,2022_12_05,1048157
C12,888149,WT,5,Top,2022_12_05,SB2,Plant_5_2022_12_05,Mitch,2022_12_05,888149
D1,535800,WT,5,Bottom,2022_12_05,SB2,Plant_5_2022_12_05,Mitch,2022_12_05,535800
D2,650208,WT,5,Bottom,2022_12_05,SB2,Plant_5_2022_12_05,Mitch,2022_12_05,650208
D3,677739,WT,5,Bottom,2022_12_05,SB2,Plant_5_2022_12_05,Mitch,2022_12_05,677739
D4,441848,WT,5,Bottom,2022_12_05,SB2,Plant_5_2022_12_05,Mitch,2022_12_05,441848
D5,564891,WT,6,Top,2022_12_05,SB2,Plant_6_2022_12_05,Mitch,2022_12_05,564891
D6,582997,WT,6,Top,2022_12_05,SB2,Plant_6_2022_12_05,Mitch,2022_12_05,582997
D7,639229,WT,6,Top,2022_12_05,SB2,Plant_6_2022_12_05,Mitch,2022_12_05,639229
D8,609019,WT,6,Top,2022_12_05,SB2,Plant_6_2022_12_05,Mitch,2022_12_05,609019
D9,939633,WT,6,Bottom,2022_12_05,SB2,Plant_6_2022_12_05,Mitch,2022_12_05,939633
D10,1166104,WT,6,Bottom,2022_12_05,SB2,Plant_6_2022_12_05,Mitch,2022_12_05,1166104
D11,692648,WT,6,Bottom,2022_12_05,SB2,Plant_6_2022_12_05,Mitch,2022_12_05,692648
D12,546874,WT,6,Bottom,2022_12_05,SB2,Plant_6_2022_12_05,Mitch,2022_12_05,546874
E1,735801,WT,7,Top,2022_12_05,SB2,Plant_7_2022_12_05,Mitch,2022_12_05,735801
E2,713294,WT,7,Top,2022_12_05,SB2,Plant_7_2022_12_05,Mitch,2022_12_05,713294
E3,559551,WT,7,Top,2022_12_05,SB2,Plant_7_2022_12_05,Mitch,2022_12_05,559551
E4,641722,WT,7,Top,2022_12_05,SB2,Plant_7_2022_12_05,Mitch,2022_12_05,641722
E5,576644,WT,7,Bottom,2022_12_05,SB2,Plant_7_2022_12_05,Mitch,2022_12_05,576644
E6,452741,WT,7,Bottom,2022_12_05,SB2,Plant_7_2022_12_05,Mitch,2022_12_05,452741
E7,568742,WT,7,Bottom,2022_12_05,SB2,Plant_7_2022_12_05,Mitch,2022_12_05,568742
E8,596771,WT,7,Bottom,2022_12_05,SB2,Plant_7_2022_12_05,Mitch,2022_12_05,596771
E9,170723,WT,8,Top,2022_12_05,SB2,Plant_8_2022_12_05,Mitch,2022_12_05,170723
E10,635499,WT,8,Top,2022_12_05,SB2,Plant_8_2022_12_05,Mitch,2022_12_05,635499
E11,433731,WT,8,Top,2022_12_05,SB2,Plant_8_2022_12_05,Mitch,2022_12_05,433731
E12,539796,WT,8,Top,2022_12_05,SB2,Plant_8_2022_12_05,Mitch,2022_12_05,539796
F1,705715,WT,8,Bottom,2022_12_05,SB2,Plant_8_2022_12_05,Mitch,2022_12_05,705715
F2,715143,WT,8,Bottom,2022_12_05,SB2,Plant_8_2022_12_05,Mitch,2022_12_05,715143
F3,792184,WT,8,Bottom,2022_12_05,SB2,Plant_8_2022_12_05,Mitch,2022_12_05,792184
F4,718420,WT,8,Bottom,2022_12_05,SB2,Plant_8_2022_12_05,Mitch,2022_12_05,718420
A1,988,Leaf,1,Top,2022_12_05,SB2,Plant_1_2022_12_05,Mitch,2022_12_05,988
A2,1018,Leaf,1,Top,2022_12_05,SB2,Plant_1_2022_12_05,Mitch,2022_12_05,1018
A3,874,Leaf,1,Top,2022_12_05,SB2,Plant_1_2022_12_05,Mitch,2022_12_05,874
A4,870,Leaf,1,Top,2022_12_05,SB2,Plant_1_2022_12_05,Mitch,2022_12_05,870
A5,1038,Leaf,1,Bottom,2022_12_05,SB2,Plant_1_2022_12_05,Mitch,2022_12_05,1038
A6,813,Leaf,1,Bottom,2022_12_05,SB2,Plant_1_2022_12_05,Mitch,2022_12_05,813
A7,1327,Leaf,1,Bottom,2022_12_05,SB2,Plant_1_2022_12_05,Mitch,2022_12_05,1327
A8,871,Leaf,1,Bottom,2022_12_05,SB2,Plant_1_2022_12_05,Mitch,2022_12_05,871
A9,906,Leaf,2,Top,2022_12_05,SB2,Plant_2_2022_12_05,Mitch,2022_12_05,906
A10,989,Leaf,2,Top,2022_12_05,SB2,Plant_2_2022_12_05,Mitch,2022_12_05,989
A11,1015,Leaf,2,Top,2022_12_05,SB2,Plant_2_2022_12_05,Mitch,2022_12_05,1015
A12,919,Leaf,2,Top,2022_12_05,SB2,Plant_2_2022_12_05,Mitch,2022_12_05,919
B1,893,Leaf,2,Bottom,2022_12_05,SB2,Plant_2_2022_12_05,Mitch,2022_12_05,893
B2,875,Leaf,2,Bottom,2022_12_05,SB2,Plant_2_2022_12_05,Mitch,2022_12_05,875
B3,817,Leaf,2,Bottom,2022_12_05,SB2,Plant_2_2022_12_05,Mitch,2022_12_05,817
B4,914,Leaf,2,Bottom,2022_12_05,SB2,Plant_2_2022_12_05,Mitch,2022_12_05,914
B5,829,Leaf,3,Top,2022_12_05,SB2,Plant_3_2022_12_05,Mitch,2022_12_05,829
B6,861,Leaf,3,Top,2022_12_05,SB2,Plant_3_2022_12_05,Mitch,2022_12_05,861
B7,736,Leaf,3,Top,2022_12_05,SB2,Plant_3_2022_12_05,Mitch,2022_12_05,736
B8,740,Leaf,3,Top,2022_12_05,SB2,Plant_3_2022_12_05,Mitch,2022_12_05,740
B9,983,Leaf,3,Bottom,2022_12_05,SB2,Plant_3_2022_12_05,Mitch,2022_12_05,983
B10,770,Leaf,3,Bottom,2022_12_05,SB2,Plant_3_2022_12_05,Mitch,2022_12_05,770
B11,746,Leaf,3,Bottom,2022_12_05,SB2,Plant_3_2022_12_05,Mitch,2022_12_05,746
B12,840,Leaf,3,Bottom,2022_12_05,SB2,Plant_3_2022_12_05,Mitch,2022_12_05,840
A1,826113,WT,1,Top,2023_01_09,SB2,Plant_1_2023_01_09,Mitch,2023_01_09,826113
A2,920009,WT,1,Top,2023_01_09,SB2,Plant_1_2023_01_09,Mitch,2023_01_09,920009
A3,789181,WT,1,Top,2023_01_09,SB2,Plant_1_2023_01_09,Mitch,2023_01_09,789181
A4,660249,WT,1,Top,2023_01_09,SB2,Plant_1_2023_01_09,Mitch,2023_01_09,660249
A5,754230,WT,1,Bottom,2023_01_09,SB2,Plant_1_2023_01_09,Mitch,2023_01_09,754230
A6,698151,WT,1,Bottom,2023_01_09,SB2,Plant_1_2023_01_09,Mitch,2023_01_09,698151
A7,731917,WT,1,Bottom,2023_01_09,SB2,Plant_1_2023_01_09,Mitch,2023_01_09,731917
A8,787556,WT,1,Bottom,2023_01_09,SB2,Plant_1_2023_01_09,Mitch,2023_01_09,787556
A9,602648,WT,2,Top,2023_01_09,SB2,Plant_2_2023_01_09,Mitch,2023_01_09,602648
A10,541373,WT,2,Top,2023_01_09,SB2,Plant_2_2023_01_09,Mitch,2023_01_09,541373
A11,571891,WT,2,Top,2023_01_09,SB2,Plant_2_2023_01_09,Mitch,2023_01_09,571891
A12,612874,WT,2,Top,2023_01_09,SB2,Plant_2_2023_01_09,Mitch,2023_01_09,612874
B1,779332,WT,2,Bottom,2023_01_09,SB2,Plant_2_2023_01_09,Mitch,2023_01_09,779332
B2,641782,WT,2,Bottom,2023_01_09,SB2,Plant_2_2023_01_09,Mitch,2023_01_09,641782
B3,765511,WT,2,Bottom,2023_01_09,SB2,Plant_2_2023_01_09,Mitch,2023_01_09,765511
B4,644812,WT,2,Bottom,2023_01_09,SB2,Plant_2_2023_01_09,Mitch,2023_01_09,644812
B5,755958,WT,3,Top,2023_01_09,SB2,Plant_3_2023_01_09,Mitch,2023_01_09,755958
B6,997055,WT,3,Top,2023_01_09,SB2,Plant_3_2023_01_09,Mitch,2023_01_09,997055
B7,646254,WT,3,Top,2023_01_09,SB2,Plant_3_2023_01_09,Mitch,2023_01_09,646254
B8,731820,WT,3,Top,2023_01_09,SB2,Plant_3_2023_01_09,Mitch,2023_01_09,731820
B9,1000907,WT,3,Bottom,2023_01_09,SB2,Plant_3_2023_01_09,Mitch,2023_01_09,1000907
B10,804312,WT,3,Bottom,2023_01_09,SB2,Plant_3_2023_01_09,Mitch,2023_01_09,804312
B11,890190,WT,3,Bottom,2023_01_09,SB2,Plant_3_2023_01_09,Mitch,2023_01_09,890190
B12,897410,WT,3,Bottom,2023_01_09,SB2,Plant_3_2023_01_09,Mitch,2023_01_09,897410
C1,689868,WT,4,Top,2023_01_09,SB2,Plant_4_2023_01_09,Mitch,2023_01_09,689868
C2,491035,WT,4,Top,2023_01_09,SB2,Plant_4_2023_01_09,Mitch,2023_01_09,491035
C3,540599,WT,4,Top,2023_01_09,SB2,Plant_4_2023_01_09,Mitch,2023_01_09,540599
C4,490330,WT,4,Top,2023_01_09,SB2,Plant_4_2023_01_09,Mitch,2023_01_09,490330
C5,768760,WT,4,Bottom,2023_01_09,SB2,Plant_4_2023_01_09,Mitch,2023_01_09,768760
C6,167283,WT,4,Bottom,2023_01_09,SB2,Plant_4_2023_01_09,Mitch,2023_01_09,167283
C7,878053,WT,4,Bottom,2023_01_09,SB2,Plant_4_2023_01_09,Mitch,2023_01_09,878053
C8,657709,WT,4,Bottom,2023_01_09,SB2,Plant_4_2023_01_09,Mitch,2023_01_09,657709
C9,628564,WT,5,Top,2023_01_09,SB2,Plant_5_2023_01_09,Mitch,2023_01_09,628564
C10,539318,WT,5,Top,2023_01_09,SB2,Plant_5_2023_01_09,Mitch,2023_01_09,539318
C11,556921,WT,5,Top,2023_01_09,SB2,Plant_5_2023_01_09,Mitch,2023_01_09,556921
C12,802053,WT,5,Top,2023_01_09,SB2,Plant_5_2023_01_09,Mitch,2023_01_09,802053
D1,689383,WT,5,Bottom,2023_01_09,SB2,Plant_5_2023_01_09,Mitch,2023_01_09,689383
D2,700514,WT,5,Bottom,2023_01_09,SB2,Plant_5_2023_01_09,Mitch,2023_01_09,700514
D3,618253,WT,5,Bottom,2023_01_09,SB2,Plant_5_2023_01_09,Mitch,2023_01_09,618253
D4,623352,WT,5,Bottom,2023_01_09,SB2,Plant_5_2023_01_09,Mitch,2023_01_09,623352
D5,773998,WT,6,Top,2023_01_09,SB2,Plant_6_2023_01_09,Mitch,2023_01_09,773998
D6,894928,WT,6,Top,2023_01_09,SB2,Plant_6_2023_01_09,Mitch,2023_01_09,894928
D7,895728,WT,6,Top,2023_01_09,SB2,Plant_6_2023_01_09,Mitch,2023_01_09,895728
D8,1018887,WT,6,Top,2023_01_09,SB2,Plant_6_2023_01_09,Mitch,2023_01_09,1018887
D9,783425,WT,6,Bottom,2023_01_09,SB2,Plant_6_2023_01_09,Mitch,2023_01_09,783425
D10,776989,WT,6,Bottom,2023_01_09,SB2,Plant_6_2023_01_09,Mitch,2023_01_09,776989
D11,788936,WT,6,Bottom,2023_01_09,SB2,Plant_6_2023_01_09,Mitch,2023_01_09,788936
D12,689265,WT,6,Bottom,2023_01_09,SB2,Plant_6_2023_01_09,Mitch,2023_01_09,689265
E1,513972,WT,7,Top,2023_01_09,SB2,Plant_7_2023_01_09,Mitch,2023_01_09,513972
E2,635093,WT,7,Top,2023_01_09,SB2,Plant_7_2023_01_09,Mitch,2023_01_09,635093
E3,615898,WT,7,Top,2023_01_09,SB2,Plant_7_2023_01_09,Mitch,2023_01_09,615898
E4,740618,WT,7,Top,2023_01_09,SB2,Plant_7_2023_01_09,Mitch,2023_01_09,740618
E5,664022,WT,7,Bottom,2023_01_09,SB2,Plant_7_2023_01_09,Mitch,2023_01_09,664022
E6,532994,WT,7,Bottom,2023_01_09,SB2,Plant_7_2023_01_09,Mitch,2023_01_09,532994
E7,709893,WT,7,Bottom,2023_01_09,SB2,Plant_7_2023_01_09,Mitch,2023_01_09,709893
E8,738052,WT,7,Bottom,2023_01_09,SB2,Plant_7_2023_01_09,Mitch,2023_01_09,738052
E9,531076,WT,8,Top,2023_01_09,SB2,Plant_8_2023_01_09,Mitch,2023_01_09,531076
E10,534504,WT,8,Top,2023_01_09,SB2,Plant_8_2023_01_09,Mitch,2023_01_09,534504
E11,570462,WT,8,Top,2023_01_09,SB2,Plant_8_2023_01_09,Mitch,2023_01_09,570462
E12,787930,WT,8,Top,2023_01_09,SB2,Plant_8_2023_01_09,Mitch,2023_01_09,787930
F1,579312,WT,8,Bottom,2023_01_09,SB2,Plant_8_2023_01_09,Mitch,2023_01_09,579312
F2,642416,WT,8,Bottom,2023_01_09,SB2,Plant_8_2023_01_09,Mitch,2023_01_09,642416
F3,619080,WT,8,Bottom,2023_01_09,SB2,Plant_8_2023_01_09,Mitch,2023_01_09,619080
F4,619623,WT,8,Bottom,2023_01_09,SB2,Plant_8_2023_01_09,Mitch,2023_01_09,619623
A1,1497,Leaf,1,Top,2023_01_09,SB2,Plant_1_2023_01_09,Mitch,2023_01_09,1497
A2,1094,Leaf,1,Top,2023_01_09,SB2,Plant_1_2023_01_09,Mitch,2023_01_09,1094
A3,1166,Leaf,1,Top,2023_01_09,SB2,Plant_1_2023_01_09,Mitch,2023_01_09,1166
A4,1082,Leaf,1,Top,2023_01_09,SB2,Plant_1_2023_01_09,Mitch,2023_01_09,1082
A5,1047,Leaf,1,Bottom,2023_01_09,SB2,Plant_1_2023_01_09,Mitch,2023_01_09,1047
A6,927,Leaf,1,Bottom,2023_01_09,SB2,Plant_1_2023_01_09,Mitch,2023_01_09,927
A7,1053,Leaf,1,Bottom,2023_01_09,SB2,Plant_1_2023_01_09,Mitch,2023_01_09,1053
A8,1163,Leaf,1,Bottom,2023_01_09,SB2,Plant_1_2023_01_09,Mitch,2023_01_09,1163
A9,228,Leaf,2,Top,2023_01_09,SB2,Plant_2_2023_01_09,Mitch,2023_01_09,228
A10,216,Leaf,2,Top,2023_01_09,SB2,Plant_2_2023_01_09,Mitch,2023_01_09,216
A11,216,Leaf,2,Top,2023_01_09,SB2,Plant_2_2023_01_09,Mitch,2023_01_09,216
A12,228,Leaf,2,Top,2023_01_09,SB2,Plant_2_2023_01_09,Mitch,2023_01_09,228
B1,1131,Leaf,2,Bottom,2023_01_09,SB2,Plant_2_2023_01_09,Mitch,2023_01_09,1131
B2,1037,Leaf,2,Bottom,2023_01_09,SB2,Plant_2_2023_01_09,Mitch,2023_01_09,1037
B3,1091,Leaf,2,Bottom,2023_01_09,SB2,Plant_2_2023_01_09,Mitch,2023_01_09,1091
B4,1024,Leaf,2,Bottom,2023_01_09,SB2,Plant_2_2023_01_09,Mitch,2023_01_09,1024
B5,1054,Leaf,3,Top,2023_01_09,SB2,Plant_3_2023_01_09,Mitch,2023_01_09,1054
B6,998,Leaf,3,Top,2023_01_09,SB2,Plant_3_2023_01_09,Mitch,2023_01_09,998
B7,1224,Leaf,3,Top,2023_01_09,SB2,Plant_3_2023_01_09,Mitch,2023_01_09,1224
B8,1000,Leaf,3,Top,2023_01_09,SB2,Plant_3_2023_01_09,Mitch,2023_01_09,1000
A1,496367,WT,1,Top,2023_02_06,SB2,Plant_1_2023_02_06,Mitch,2023_02_06,496367
A2,418112,WT,1,Top,2023_02_06,SB2,Plant_1_2023_02_06,Mitch,2023_02_06,418112
A3,629010,WT,1,Top,2023_02_06,SB2,Plant_1_2023_02_06,Mitch,2023_02_06,629010
A4,472149,WT,1,Top,2023_02_06,SB2,Plant_1_2023_02_06,Mitch,2023_02_06,472149
A5,752435,WT,1,Bottom,2023_02_06,SB2,Plant_1_2023_02_06,Mitch,2023_02_06,752435
A6,728654,WT,1,Bottom,2023_02_06,SB2,Plant_1_2023_02_06,Mitch,2023_02_06,728654
A7,627808,WT,1,Bottom,2023_02_06,SB2,Plant_1_2023_02_06,Mitch,2023_02_06,627808
A8,536367,WT,1,Bottom,2023_02_06,SB2,Plant_1_2023_02_06,Mitch,2023_02_06,536367
A9,627998,WT,2,Top,2023_02_06,SB2,Plant_2_2023_02_06,Mitch,2023_02_06,627998
A10,713885,WT,2,Top,2023_02_06,SB2,Plant_2_2023_02_06,Mitch,2023_02_06,713885
A11,595824,WT,2,Top,2023_02_06,SB2,Plant_2_2023_02_06,Mitch,2023_02_06,595824
A12,739150,WT,2,Top,2023_02_06,SB2,Plant_2_2023_02_06,Mitch,2023_02_06,739150
B1,428641,WT,2,Bottom,2023_02_06,SB2,Plant_2_2023_02_06,Mitch,2023_02_06,428641
B2,484404,WT,2,Bottom,2023_02_06,SB2,Plant_2_2023_02_06,Mitch,2023_02_06,484404
B3,489772,WT,2,Bottom,2023_02_06,SB2,Plant_2_2023_02_06,Mitch,2023_02_06,489772
B4,443433,WT,2,Bottom,2023_02_06,SB2,Plant_2_2023_02_06,Mitch,2023_02_06,443433
B5,521545,WT,3,Top,2023_02_06,SB2,Plant_3_2023_02_06,Mitch,2023_02_06,521545
B6,609536,WT,3,Top,2023_02_06,SB2,Plant_3_2023_02_06,Mitch,2023_02_06,609536
B7,631860,WT,3,Top,2023_02_06,SB2,Plant_3_2023_02_06,Mitch,2023_02_06,631860
B8,581409,WT,3,Top,2023_02_06,SB2,Plant_3_2023_02_06,Mitch,2023_02_06,581409
B9,465274,WT,3,Bottom,2023_02_06,SB2,Plant_3_2023_02_06,Mitch,2023_02_06,465274
B10,486232,WT,3,Bottom,2023_02_06,SB2,Plant_3_2023_02_06,Mitch,2023_02_06,486232
B11,460232,WT,3,Bottom,2023_02_06,SB2,Plant_3_2023_02_06,Mitch,2023_02_06,460232
B12,381572,WT,3,Bottom,2023_02_06,SB2,Plant_3_2023_02_06,Mitch,2023_02_06,381572
C1,569759,WT,4,Top,2023_02_06,SB2,Plant_4_2023_02_06,Mitch,2023_02_06,569759
C2,471289,WT,4,Top,2023_02_06,SB2,Plant_4_2023_02_06,Mitch,2023_02_06,471289
C3,891847,WT,4,Top,2023_02_06,SB2,Plant_4_2023_02_06,Mitch,2023_02_06,891847
C4,409762,WT,4,Top,2023_02_06,SB2,Plant_4_2023_02_06,Mitch,2023_02_06,409762
C5,776462,WT,4,Bottom,2023_02_06,SB2,Plant_4_2023_02_06,Mitch,2023_02_06,776462
C6,767704,WT,4,Bottom,2023_02_06,SB2,Plant_4_2023_02_06,Mitch,2023_02_06,767704
C7,689541,WT,4,Bottom,2023_02_06,SB2,Plant_4_2023_02_06,Mitch,2023_02_06,689541
C8,732769,WT,4,Bottom,2023_02_06,SB2,Plant_4_2023_02_06,Mitch,2023_02_06,732769
C9,392444,WT,5,Top,2023_02_06,SB2,Plant_5_2023_02_06,Mitch,2023_02_06,392444
C10,380365,WT,5,Top,2023_02_06,SB2,Plant_5_2023_02_06,Mitch,2023_02_06,380365
C11,358244,WT,5,Top,2023_02_06,SB2,Plant_5_2023_02_06,Mitch,2023_02_06,358244
C12,556977,WT,5,Top,2023_02_06,SB2,Plant_5_2023_02_06,Mitch,2023_02_06,556977
D1,637196,WT,5,Bottom,2023_02_06,SB2,Plant_5_2023_02_06,Mitch,2023_02_06,637196
D2,716933,WT,5,Bottom,2023_02_06,SB2,Plant_5_2023_02_06,Mitch,2023_02_06,716933
D3,691955,WT,5,Bottom,2023_02_06,SB2,Plant_5_2023_02_06,Mitch,2023_02_06,691955
D4,715932,WT,5,Bottom,2023_02_06,SB2,Plant_5_2023_02_06,Mitch,2023_02_06,715932
D5,467185,WT,6,Top,2023_02_06,SB2,Plant_6_2023_02_06,Mitch,2023_02_06,467185
D6,487831,WT,6,Top,2023_02_06,SB2,Plant_6_2023_02_06,Mitch,2023_02_06,487831
D7,432306,WT,6,Top,2023_02_06,SB2,Plant_6_2023_02_06,Mitch,2023_02_06,432306
D8,586299,WT,6,Top,2023_02_06,SB2,Plant_6_2023_02_06,Mitch,2023_02_06,586299
D9,443228,WT,6,Bottom,2023_02_06,SB2,Plant_6_2023_02_06,Mitch,2023_02_06,443228
D10,437965,WT,6,Bottom,2023_02_06,SB2,Plant_6_2023_02_06,Mitch,2023_02_06,437965
D11,421176,WT,6,Bottom,2023_02_06,SB2,Plant_6_2023_02_06,Mitch,2023_02_06,421176
D12,518833,WT,6,Bottom,2023_02_06,SB2,Plant_6_2023_02_06,Mitch,2023_02_06,518833
E1,436407,WT,7,Top,2023_02_06,SB2,Plant_7_2023_02_06,Mitch,2023_02_06,436407
E2,602594,WT,7,Top,2023_02_06,SB2,Plant_7_2023_02_06,Mitch,2023_02_06,602594
E3,578121,WT,7,Top,2023_02_06,SB2,Plant_7_2023_02_06,Mitch,2023_02_06,578121
E4,552410,WT,7,Top,2023_02_06,SB2,Plant_7_2023_02_06,Mitch,2023_02_06,552410
E5,633671,WT,7,Bottom,2023_02_06,SB2,Plant_7_2023_02_06,Mitch,2023_02_06,633671
E6,467115,WT,7,Bottom,2023_02_06,SB2,Plant_7_2023_02_06,Mitch,2023_02_06,467115
E7,385598,WT,7,Bottom,2023_02_06,SB2,Plant_7_2023_02_06,Mitch,2023_02_06,385598
E8,390435,WT,7,Bottom,2023_02_06,SB2,Plant_7_2023_02_06,Mitch,2023_02_06,390435
E9,1074984,WT,8,Top,2023_02_06,SB2,Plant_8_2023_02_06,Mitch,2023_02_06,1074984
E10,836847,WT,8,Top,2023_02_06,SB2,Plant_8_2023_02_06,Mitch,2023_02_06,836847
E11,487834,WT,8,Top,2023_02_06,SB2,Plant_8_2023_02_06,Mitch,2023_02_06,487834
E12,805417,WT,8,Top,2023_02_06,SB2,Plant_8_2023_02_06,Mitch,2023_02_06,805417
F1,747009,WT,8,Bottom,2023_02_06,SB2,Plant_8_2023_02_06,Mitch,2023_02_06,747009
F2,564136,WT,8,Bottom,2023_02_06,SB2,Plant_8_2023_02_06,Mitch,2023_02_06,564136
F3,530000,WT,8,Bottom,2023_02_06,SB2,Plant_8_2023_02_06,Mitch,2023_02_06,530000
F4,491830,WT,8,Bottom,2023_02_06,SB2,Plant_8_2023_02_06,Mitch,2023_02_06,491830
F5,898,Leaf,1,Top,2023_02_06,SB2,Plant_1_2023_02_06,Mitch,2023_02_06,898
F6,914,Leaf,1,Top,2023_02_06,SB2,Plant_1_2023_02_06,Mitch,2023_02_06,914
F7,998,Leaf,1,Top,2023_02_06,SB2,Plant_1_2023_02_06,Mitch,2023_02_06,998
F8,854,Leaf,1,Top,2023_02_06,SB2,Plant_1_2023_02_06,Mitch,2023_02_06,854
F9,959,Leaf,1,Bottom,2023_02_06,SB2,Plant_1_2023_02_06,Mitch,2023_02_06,959
F10,952,Leaf,1,Bottom,2023_02_06,SB2,Plant_1_2023_02_06,Mitch,2023_02_06,952
F11,1056,Leaf,1,Bottom,2023_02_06,SB2,Plant_1_2023_02_06,Mitch,2023_02_06,1056
F12,868,Leaf,1,Bottom,2023_02_06,SB2,Plant_1_2023_02_06,Mitch,2023_02_06,868
G1,998,Leaf,2,Top,2023_02_06,SB2,Plant_2_2023_02_06,Mitch,2023_02_06,998
G2,951,Leaf,2,Top,2023_02_06,SB2,Plant_2_2023_02_06,Mitch,2023_02_06,951
G3,937,Leaf,2,Top,2023_02_06,SB2,Plant_2_2023_02_06,Mitch,2023_02_06,937
G4,948,Leaf,2,Top,2023_02_06,SB2,Plant_2_2023_02_06,Mitch,2023_02_06,948
A1,967482,WT,1,Top,2023_05_30,SB2,Plant_1_2023_05_30,Mitch,2023_05_30,967482
A2,1375820,WT,1,Top,2023_05_30,SB2,Plant_1_2023_05_30,Mitch,2023_05_30,1375820
A3,1536022,WT,1,Top,2023_05_30,SB2,Plant_1_2023_05_30,Mitch,2023_05_30,1536022
A4,1044916,WT,1,Top,2023_05_30,SB2,Plant_1_2023_05_30,Mitch,2023_05_30,1044916
A5,1361309,WT,1,Bottom,2023_05_30,SB2,Plant_1_2023_05_30,Mitch,2023_05_30,1361309
A6,1098907,WT,1,Bottom,2023_05_30,SB2,Plant_1_2023_05_30,Mitch,2023_05_30,1098907
A7,1265169,WT,1,Bottom,2023_05_30,SB2,Plant_1_2023_05_30,Mitch,2023_05_30,1265169
A8,1249802,WT,1,Bottom,2023_05_30,SB2,Plant_1_2023_05_30,Mitch,2023_05_30,1249802
A9,1032454,WT,2,Top,2023_05_30,SB2,Plant_2_2023_05_30,Mitch,2023_05_30,1032454
A10,1275467,WT,2,Top,2023_05_30,SB2,Plant_2_2023_05_30,Mitch,2023_05_30,1275467
A11,1034192,WT,2,Top,2023_05_30,SB2,Plant_2_2023_05_30,Mitch,2023_05_30,1034192
A12,1357250,WT,2,Top,2023_05_30,SB2,Plant_2_2023_05_30,Mitch,2023_05_30,1357250
B1,1084719,WT,2,Bottom,2023_05_30,SB2,Plant_2_2023_05_30,Mitch,2023_05_30,1084719
B2,816322,WT,2,Bottom,2023_05_30,SB2,Plant_2_2023_05_30,Mitch,2023_05_30,816322
B3,919963,WT,2,Bottom,2023_05_30,SB2,Plant_2_2023_05_30,Mitch,2023_05_30,919963
B4,789813,WT,2,Bottom,2023_05_30,SB2,Plant_2_2023_05_30,Mitch,2023_05_30,789813
B5,973216,WT,3,Top,2023_05_30,SB2,Plant_3_2023_05_30,Mitch,2023_05_30,973216
B6,1030453,WT,3,Top,2023_05_30,SB2,Plant_3_2023_05_30,Mitch,2023_05_30,1030453
B7,1379186,WT,3,Top,2023_05_30,SB2,Plant_3_2023_05_30,Mitch,2023_05_30,1379186
B8,1129219,WT,3,Top,2023_05_30,SB2,Plant_3_2023_05_30,Mitch,2023_05_30,1129219
B9,944308,WT,3,Bottom,2023_05_30,SB2,Plant_3_2023_05_30,Mitch,2023_05_30,944308
B10,1019102,WT,3,Bottom,2023_05_30,SB2,Plant_3_2023_05_30,Mitch,2023_05_30,1019102
B11,1094051,WT,3,Bottom,2023_05_30,SB2,Plant_3_2023_05_30,Mitch,2023_05_30,1094051
B12,857746,WT,3,Bottom,2023_05_30,SB2,Plant_3_2023_05_30,Mitch,2023_05_30,857746
C1,1424890,WT,4,Top,2023_05_30,SB2,Plant_4_2023_05_30,Mitch,2023_05_30,1424890
C2,1358599,WT,4,Top,2023_05_30,SB2,Plant_4_2023_05_30,Mitch,2023_05_30,1358599
C3,946357,WT,4,Top,2023_05_30,SB2,Plant_4_2023_05_30,Mitch,2023_05_30,946357
C4,964663,WT,4,Top,2023_05_30,SB2,Plant_4_2023_05_30,Mitch,2023_05_30,964663
C5,1101117,WT,4,Bottom,2023_05_30,SB2,Plant_4_2023_05_30,Mitch,2023_05_30,1101117
C6,901791,WT,4,Bottom,2023_05_30,SB2,Plant_4_2023_05_30,Mitch,2023_05_30,901791
C7,820768,WT,4,Bottom,2023_05_30,SB2,Plant_4_2023_05_30,Mitch,2023_05_30,820768
C8,1227330,WT,4,Bottom,2023_05_30,SB2,Plant_4_2023_05_30,Mitch,2023_05_30,1227330
C9,806071,WT,5,Top,2023_05_30,SB2,Plant_5_2023_05_30,Mitch,2023_05_30,806071
C10,976166,WT,5,Top,2023_05_30,SB2,Plant_5_2023_05_30,Mitch,2023_05_30,976166
C11,1043330,WT,5,Top,2023_05_30,SB2,Plant_5_2023_05_30,Mitch,2023_05_30,1043330
C12,948859,WT,5,Top,2023_05_30,SB2,Plant_5_2023_05_30,Mitch,2023_05_30,948859
D1,713738,WT,5,Bottom,2023_05_30,SB2,Plant_5_2023_05_30,Mitch,2023_05_30,713738
D2,983107,WT,5,Bottom,2023_05_30,SB2,Plant_5_2023_05_30,Mitch,2023_05_30,983107
D3,644703,WT,5,Bottom,2023_05_30,SB2,Plant_5_2023_05_30,Mitch,2023_05_30,644703
D4,720244,WT,5,Bottom,2023_05_30,SB2,Plant_5_2023_05_30,Mitch,2023_05_30,720244
D5,1099907,WT,6,Top,2023_05_30,SB2,Plant_6_2023_05_30,Mitch,2023_05_30,1099907
D6,1311347,WT,6,Top,2023_05_30,SB2,Plant_6_2023_05_30,Mitch,2023_05_30,1311347
D7,1265558,WT,6,Top,2023_05_30,SB2,Plant_6_2023_05_30,Mitch,2023_05_30,1265558
D8,964806,WT,6,Top,2023_05_30,SB2,Plant_6_2023_05_30,Mitch,2023_05_30,964806
D9,1021968,WT,6,Bottom,2023_05_30,SB2,Plant_6_2023_05_30,Mitch,2023_05_30,1021968
D10,840469,WT,6,Bottom,2023_05_30,SB2,Plant_6_2023_05_30,Mitch,2023_05_30,840469
D11,711658,WT,6,Bottom,2023_05_30,SB2,Plant_6_2023_05_30,Mitch,2023_05_30,711658
D12,1085153,WT,6,Bottom,2023_05_30,SB2,Plant_6_2023_05_30,Mitch,2023_05_30,1085153
E1,386318,WT,7,Top,2023_05_30,SB2,Plant_7_2023_05_30,Mitch,2023_05_30,386318
E2,931863,WT,7,Top,2023_05_30,SB2,Plant_7_2023_05_30,Mitch,2023_05_30,931863
E3,785522,WT,7,Top,2023_05_30,SB2,Plant_7_2023_05_30,Mitch,2023_05_30,785522
E4,900311,WT,7,Top,2023_05_30,SB2,Plant_7_2023_05_30,Mitch,2023_05_30,900311
E5,833563,WT,7,Bottom,2023_05_30,SB2,Plant_7_2023_05_30,Mitch,2023_05_30,833563
E6,666300,WT,7,Bottom,2023_05_30,SB2,Plant_7_2023_05_30,Mitch,2023_05_30,666300
E7,751102,WT,7,Bottom,2023_05_30,SB2,Plant_7_2023_05_30,Mitch,2023_05_30,751102
E8,949080,WT,7,Bottom,2023_05_30,SB2,Plant_7_2023_05_30,Mitch,2023_05_30,949080
E9,954791,WT,8,Top,2023_05_30,SB2,Plant_8_2023_05_30,Mitch,2023_05_30,954791
E10,958122,WT,8,Top,2023_05_30,SB2,Plant_8_2023_05_30,Mitch,2023_05_30,958122
E11,890231,WT,8,Top,2023_05_30,SB2,Plant_8_2023_05_30,Mitch,2023_05_30,890231
E12,581567,WT,8,Top,2023_05_30,SB2,Plant_8_2023_05_30,Mitch,2023_05_30,581567
F1,970082,WT,8,Bottom,2023_05_30,SB2,Plant_8_2023_05_30,Mitch,2023_05_30,970082
F2,892393,WT,8,Bottom,2023_05_30,SB2,Plant_8_2023_05_30,Mitch,2023_05_30,892393
F3,740495,WT,8,Bottom,2023_05_30,SB2,Plant_8_2023_05_30,Mitch,2023_05_30,740495
F4,773556,WT,8,Bottom,2023_05_30,SB2,Plant_8_2023_05_30,Mitch,2023_05_30,773556
A1,1156768,WT,1,Top,2023_07_03,SB2,Plant_1_2023_07_03,Mitch,2023_07_03,1156768
A2,879843,WT,1,Top,2023_07_03,SB2,Plant_1_2023_07_03,Mitch,2023_07_03,879843
A3,1092635,WT,1,Top,2023_07_03,SB2,Plant_1_2023_07_03,Mitch,2023_07_03,1092635
A4,1108683,WT,1,Top,2023_07_03,SB2,Plant_1_2023_07_03,Mitch,2023_07_03,1108683
A5,850826,WT,1,Bottom,2023_07_03,SB2,Plant_1_2023_07_03,Mitch,2023_07_03,850826
A6,523875,WT,1,Bottom,2023_07_03,SB2,Plant_1_2023_07_03,Mitch,2023_07_03,523875
A7,861478,WT,1,Bottom,2023_07_03,SB2,Plant_1_2023_07_03,Mitch,2023_07_03,861478
A8,834625,WT,1,Bottom,2023_07_03,SB2,Plant_1_2023_07_03,Mitch,2023_07_03,834625
A9,958959,WT,2,Top,2023_07_03,SB2,Plant_2_2023_07_03,Mitch,2023_07_03,958959
A10,1067914,WT,2,Top,2023_07_03,SB2,Plant_2_2023_07_03,Mitch,2023_07_03,1067914
A11,1042297,WT,2,Top,2023_07_03,SB2,Plant_2_2023_07_03,Mitch,2023_07_03,1042297
A12,779746,WT,2,Top,2023_07_03,SB2,Plant_2_2023_07_03,Mitch,2023_07_03,779746
B1,906923,WT,2,Bottom,2023_07_03,SB2,Plant_2_2023_07_03,Mitch,2023_07_03,906923
B2,799108,WT,2,Bottom,2023_07_03,SB2,Plant_2_2023_07_03,Mitch,2023_07_03,799108
B3,755755,WT,2,Bottom,2023_07_03,SB2,Plant_2_2023_07_03,Mitch,2023_07_03,755755
B4,847797,WT,2,Bottom,2023_07_03,SB2,Plant_2_2023_07_03,Mitch,2023_07_03,847797
B5,844598,WT,3,Top,2023_07_03,SB2,Plant_3_2023_07_03,Mitch,2023_07_03,844598
B6,491939,WT,3,Top,2023_07_03,SB2,Plant_3_2023_07_03,Mitch,2023_07_03,491939
B7,818833,WT,3,Top,2023_07_03,SB2,Plant_3_2023_07_03,Mitch,2023_07_03,818833
B8,762390,WT,3,Top,2023_07_03,SB2,Plant_3_2023_07_03,Mitch,2023_07_03,762390
B9,696827,WT,3,Bottom,2023_07_03,SB2,Plant_3_2023_07_03,Mitch,2023_07_03,696827
B10,601882,WT,3,Bottom,2023_07_03,SB2,Plant_3_2023_07_03,Mitch,2023_07_03,601882
B11,728571,WT,3,Bottom,2023_07_03,SB2,Plant_3_2023_07_03,Mitch,2023_07_03,728571
B12,676993,WT,3,Bottom,2023_07_03,SB2,Plant_3_2023_07_03,Mitch,2023_07_03,676993
C1,1085681,WT,4,Top,2023_07_03,SB2,Plant_4_2023_07_03,Mitch,2023_07_03,1085681
C2,1406056,WT,4,Top,2023_07_03,SB2,Plant_4_2023_07_03,Mitch,2023_07_03,1406056
C3,1374848,WT,4,Top,2023_07_03,SB2,Plant_4_2023_07_03,Mitch,2023_07_03,1374848
C4,1279202,WT,4,Top,2023_07_03,SB2,Plant_4_2023_07_03,Mitch,2023_07_03,1279202
C5,693712,WT,4,Bottom,2023_07_03,SB2,Plant_4_2023_07_03,Mitch,2023_07_03,693712
C6,626156,WT,4,Bottom,2023_07_03,SB2,Plant_4_2023_07_03,Mitch,2023_07_03,626156
C7,656001,WT,4,Bottom,2023_07_03,SB2,Plant_4_2023_07_03,Mitch,2023_07_03,656001
C8,547393,WT,4,Bottom,2023_07_03,SB2,Plant_4_2023_07_03,Mitch,2023_07_03,547393
C9,1133933,WT,5,Top,2023_07_03,SB2,Plant_5_2023_07_03,Mitch,2023_07_03,1133933
C10,889579,WT,5,Top,2023_07_03,SB2,Plant_5_2023_07_03,Mitch,2023_07_03,889579
C11,899864,WT,5,Top,2023_07_03,SB2,Plant_5_2023_07_03,Mitch,2023_07_03,899864
C12,804815,WT,5,Top,2023_07_03,SB2,Plant_5_2023_07_03,Mitch,2023_07_03,804815
D1,1023103,WT,5,Bottom,2023_07_03,SB2,Plant_5_2023_07_03,Mitch,2023_07_03,1023103
D2,660948,WT,5,Bottom,2023_07_03,SB2,Plant_5_2023_07_03,Mitch,2023_07_03,660948
D3,952418,WT,5,Bottom,2023_07_03,SB2,Plant_5_2023_07_03,Mitch,2023_07_03,952418
D4,691200,WT,5,Bottom,2023_07_03,SB2,Plant_5_2023_07_03,Mitch,2023_07_03,691200
D5,1025529,WT,6,Top,2023_07_03,SB2,Plant_6_2023_07_03,Mitch,2023_07_03,1025529
D6,696486,WT,6,Top,2023_07_03,SB2,Plant_6_2023_07_03,Mitch,2023_07_03,696486
D7,820976,WT,6,Top,2023_07_03,SB2,Plant_6_2023_07_03,Mitch,2023_07_03,820976
D8,643886,WT,6,Top,2023_07_03,SB2,Plant_6_2023_07_03,Mitch,2023_07_03,643886
D9,526484,WT,6,Bottom,2023_07_03,SB2,Plant_6_2023_07_03,Mitch,2023_07_03,526484
D10,657491,WT,6,Bottom,2023_07_03,SB2,Plant_6_2023_07_03,Mitch,2023_07_03,657491
D11,594792,WT,6,Bottom,2023_07_03,SB2,Plant_6_2023_07_03,Mitch,2023_07_03,594792
D12,538833,WT,6,Bottom,2023_07_03,SB2,Plant_6_2023_07_03,Mitch,2023_07_03,538833
E1,1107176,WT,7,Top,2023_07_03,SB2,Plant_7_2023_07_03,Mitch,2023_07_03,1107176
E2,999279,WT,7,Top,2023_07_03,SB2,Plant_7_2023_07_03,Mitch,2023_07_03,999279
E3,635113,WT,7,Top,2023_07_03,SB2,Plant_7_2023_07_03,Mitch,2023_07_03,635113
E4,908139,WT,7,Top,2023_07_03,SB2,Plant_7_2023_07_03,Mitch,2023_07_03,908139
E5,530126,WT,7,Bottom,2023_07_03,SB2,Plant_7_2023_07_03,Mitch,2023_07_03,530126
E6,616610,WT,7,Bottom,2023_07_03,SB2,Plant_7_2023_07_03,Mitch,2023_07_03,616610
E7,733969,WT,7,Bottom,2023_07_03,SB2,Plant_7_2023_07_03,Mitch,2023_07_03,733969
E8,599521,WT,7,Bottom,2023_07_03,SB2,Plant_7_2023_07_03,Mitch,2023_07_03,599521
E9,1034294,WT,8,Top,2023_07_03,SB2,Plant_8_2023_07_03,Mitch,2023_07_03,1034294
E10,734560,WT,8,Top,2023_07_03,SB2,Plant_8_2023_07_03,Mitch,2023_07_03,734560
E11,816341,WT,8,Top,2023_07_03,SB2,Plant_8_2023_07_03,Mitch,2023_07_03,816341
E12,853160,WT,8,Top,2023_07_03,SB2,Plant_8_2023_07_03,Mitch,2023_07_03,853160
F1,744886,WT,8,Bottom,2023_07_03,SB2,Plant_8_2023_07_03,Mitch,2023_07_03,744886
F2,810610,WT,8,Bottom,2023_07_03,SB2,Plant_8_2023_07_03,Mitch,2023_07_03,810610
F3,562877,WT,8,Bottom,2023_07_03,SB2,Plant_8_2023_07_03,Mitch,2023_07_03,562877
F4,924903,WT,8,Bottom,2023_07_03,SB2,Plant_8_2023_07_03,Mitch,2023_07_03,924903
F5,972,Leaf,1,Top,2023_07_03,SB2,Plant_1_2023_07_03,Mitch,2023_07_03,972
F6,923,Leaf,1,Top,2023_07_03,SB2,Plant_1_2023_07_03,Mitch,2023_07_03,923
F7,872,Leaf,1,Top,2023_07_03,SB2,Plant_1_2023_07_03,Mitch,2023_07_03,872
F8,951,Leaf,1,Top,2023_07_03,SB2,Plant_1_2023_07_03,Mitch,2023_07_03,951
F9,916,Leaf,1,Bottom,2023_07_03,SB2,Plant_1_2023_07_03,Mitch,2023_07_03,916
F10,915,Leaf,1,Bottom,2023_07_03,SB2,Plant_1_2023_07_03,Mitch,2023_07_03,915
F11,963,Leaf,1,Bottom,2023_07_03,SB2,Plant_1_2023_07_03,Mitch,2023_07_03,963
F12,977,Leaf,1,Bottom,2023_07_03,SB2,Plant_1_2023_07_03,Mitch,2023_07_03,977
G1,1058,Leaf,2,Top,2023_07_03,SB2,Plant_2_2023_07_03,Mitch,2023_07_03,1058
G2,948,Leaf,2,Top,2023_07_03,SB2,Plant_2_2023_07_03,Mitch,2023_07_03,948
G3,1010,Leaf,2,Top,2023_07_03,SB2,Plant_2_2023_07_03,Mitch,2023_07_03,1010
G4,1038,Leaf,2,Top,2023_07_03,SB2,Plant_2_2023_07_03,Mitch,2023_07_03,1038
